time,open,high,low,close
2020-01-01T00:00:00.000Z,7196.4,7259.4,7180.0,7199.8
2020-01-02T00:00:00.000Z,7199.7,7209.6,6901.4,6967.0
2020-01-03T00:00:00.000Z,6967.1,7402.9,6884.1,7343.1
2020-01-04T00:00:00.000Z,7345.1,7433.1,7291.4,7376.8
2020-01-05T00:00:00.000Z,7376.8,7501.0,7345.6,7372.5
2020-01-06T00:00:00.000Z,7372.6,7783.1,7366.7,7759.1
2020-01-07T00:00:00.000Z,7759.1,8182.0,7754.1,8155.7
2020-01-08T00:00:00.000Z,8154.2,8436.4,7900.8,8059.6
2020-01-09T00:00:00.000Z,8060.0,8065.9,7779.2,7842.4
2020-01-10T00:00:00.000Z,7842.5,8187.4,7697.7,8187.1
2020-01-11T00:00:00.000Z,8187.8,8262.9,8008.4,8024.1
2020-01-12T00:00:00.000Z,8023.3,8189.9,7973.1,8187.6
2020-01-13T00:00:00.000Z,8188.3,8196.7,8068.4,8111.4
2020-01-14T00:00:00.000Z,8111.2,8898.7,8111.2,8829.2
2020-01-15T00:00:00.000Z,8827.9,8904.0,8615.5,8818.3
2020-01-16T00:00:00.000Z,8818.1,8850.0,8605.8,8726.9
2020-01-17T00:00:00.000Z,8726.7,9005.1,8675.9,8913.1
2020-01-18T00:00:00.000Z,8913.0,8982.3,8814.6,8916.3
2020-01-19T00:00:00.000Z,8916.3,9183.7,8552.8,8706.2
2020-01-20T00:00:00.000Z,8705.7,8740.1,8539.2,8641.9
2020-01-21T00:00:00.000Z,8642.0,8770.3,8524.0,8732.6
2020-01-22T00:00:00.000Z,8733.0,8805.4,8610.8,8678.5
2020-01-23T00:00:00.000Z,8678.5,8687.3,8309.6,8405.1
2020-01-24T00:00:00.000Z,8404.9,8522.0,8242.6,8439.9
2020-01-25T00:00:00.000Z,8439.9,8447.6,8277.2,8341.6
2020-01-26T00:00:00.000Z,8341.6,8607.8,8304.9,8607.8
2020-01-27T00:00:00.000Z,8608.1,8983.1,8585.6,8866.6
2020-01-28T00:00:00.000Z,8866.6,9389.5,8866.6,9377.3
2020-01-29T00:00:00.000Z,9377.3,9428.7,9250.9,9298.9
2020-01-30T00:00:00.000Z,9299.1,9569.0,9209.2,9507.3
2020-01-31T00:00:00.000Z,9508.3,9525.0,9222.3,9349.1
2020-02-01T00:00:00.000Z,9349.3,9458.8,9301.5,9381.6
2020-02-02T00:00:00.000Z,9381.5,9465.4,9183.1,9334.9
2020-02-03T00:00:00.000Z,9334.6,9582.8,9243.1,9296.6
2020-02-04T00:00:00.000Z,9296.5,9347.5,9193.9,9193.9
2020-02-05T00:00:00.000Z,9194.1,9726.8,9179.9,9611.8
2020-02-06T00:00:00.000Z,9611.8,9854.9,9536.1,9772.0
2020-02-07T00:00:00.000Z,9771.9,9872.5,9738.7,9818.6
2020-02-08T00:00:00.000Z,9817.3,9931.2,9673.2,9895.5
2020-02-09T00:00:00.000Z,9895.4,10157.1,9882.7,10151.5
2020-02-10T00:00:00.000Z,10151.5,10181.7,9774.8,9854.1
2020-02-11T00:00:00.000Z,9854.0,10314.1,9725.1,10229.5
2020-02-12T00:00:00.000Z,10229.3,10435.6,10229.3,10317.7
2020-02-13T00:00:00.000Z,10321.9,10482.6,10116.9,10235.1
2020-02-14T00:00:00.000Z,10235.5,10372.4,10125.2,10333.0
2020-02-15T00:00:00.000Z,10336.0,10369.8,9831.7,9907.7
2020-02-16T00:00:00.000Z,9907.4,10056.4,9654.9,9932.3
2020-02-17T00:00:00.000Z,9931.7,9951.5,9468.9,9701.4
2020-02-18T00:00:00.000Z,9701.5,10230.1,9601.6,10158.4
2020-02-19T00:00:00.000Z,10158.6,10230.9,9424.3,9609.4
2020-02-20T00:00:00.000Z,9611.9,9681.4,9448.9,9602.4
2020-02-21T00:00:00.000Z,9602.2,9747.1,9574.5,9684.5
2020-02-22T00:00:00.000Z,9684.5,9706.5,9569.8,9655.7
2020-02-23T00:00:00.000Z,9655.6,9965.6,9653.4,9942.7
2020-02-24T00:00:00.000Z,9943.2,9981.0,9507.0,9662.7
2020-02-25T00:00:00.000Z,9662.6,9672.3,9269.8,9317.2
2020-02-26T00:00:00.000Z,9317.1,9368.1,8672.0,8800.3
2020-02-27T00:00:00.000Z,8800.1,8968.3,8538.5,8818.6
2020-02-28T00:00:00.000Z,8820.1,8898.7,8451.9,8697.5
2020-02-29T00:00:00.000Z,8697.1,8793.7,8539.8,8543.7
2020-03-01T00:00:00.000Z,8543.8,8737.2,8437.2,8540.0
2020-03-02T00:00:00.000Z,8537.5,8961.8,8503.1,8904.8
2020-03-03T00:00:00.000Z,8906.1,8911.7,8669.3,8761.4
2020-03-04T00:00:00.000Z,8761.3,8840.3,8679.7,8757.9
2020-03-05T00:00:00.000Z,8757.9,9147.3,8751.5,9060.3
2020-03-06T00:00:00.000Z,9060.6,9165.2,9004.9,9134.8
2020-03-07T00:00:00.000Z,9134.2,9180.8,8848.7,8887.8
2020-03-08T00:00:00.000Z,8887.8,8888.0,8015.3,8034.1
2020-03-09T00:00:00.000Z,8035.8,8158.8,7648.7,7933.0
2020-03-10T00:00:00.000Z,7933.0,8145.5,7740.2,7891.2
2020-03-11T00:00:00.000Z,7892.1,7976.5,7606.0,7935.1
2020-03-12T00:00:00.000Z,7935.2,7963.1,4546.6,4826.0
2020-03-13T00:00:00.000Z,4815.2,5934.3,3869.5,5584.3
2020-03-14T00:00:00.000Z,5589.4,5634.9,5072.2,5182.7
2020-03-15T00:00:00.000Z,5182.9,5863.3,5120.6,5366.3
2020-03-16T00:00:00.000Z,5366.4,5369.3,4477.7,5030.0
2020-03-17T00:00:00.000Z,5030.2,5432.8,4946.5,5261.1
2020-03-18T00:00:00.000Z,5260.7,5373.1,5020.9,5361.4
2020-03-19T00:00:00.000Z,5359.2,6379.5,5256.0,6172.0
2020-03-20T00:00:00.000Z,6171.6,6858.1,5748.2,6205.3
2020-03-21T00:00:00.000Z,6205.6,6438.3,5887.0,6186.2
2020-03-22T00:00:00.000Z,6186.9,6394.4,5771.2,5822.1
2020-03-23T00:00:00.000Z,5822.0,6564.7,5710.8,6468.9
2020-03-24T00:00:00.000Z,6468.8,6814.2,6380.8,6744.6
2020-03-25T00:00:00.000Z,6744.8,6930.2,6474.6,6678.9
2020-03-26T00:00:00.000Z,6677.9,6772.9,6541.7,6725.1
2020-03-27T00:00:00.000Z,6725.5,6813.7,6322.3,6373.4
2020-03-28T00:00:00.000Z,6373.4,6374.3,6046.5,6233.7
2020-03-29T00:00:00.000Z,6233.2,6258.8,5889.3,5890.4
2020-03-30T00:00:00.000Z,5890.4,6576.5,5872.5,6391.0
2020-03-31T00:00:00.000Z,6391.1,6513.1,6346.3,6412.5
2020-04-01T00:00:00.000Z,6412.4,6661.3,6157.4,6638.5
2020-04-02T00:00:00.000Z,6638.8,7182.7,6567.9,6800.5
2020-04-03T00:00:00.000Z,6799.9,7026.3,6623.6,6735.9
2020-04-04T00:00:00.000Z,6735.9,6958.6,6679.1,6857.4
2020-04-05T00:00:00.000Z,6857.5,6889.4,6686.0,6772.7
2020-04-06T00:00:00.000Z,6772.8,7335.0,6770.1,7332.3
2020-04-07T00:00:00.000Z,7332.3,7440.3,7101.7,7185.2
2020-04-08T00:00:00.000Z,7185.6,7396.1,7153.1,7361.2
2020-04-09T00:00:00.000Z,7361.1,7361.1,7140.3,7289.0
2020-04-10T00:00:00.000Z,7289.0,7294.4,6756.1,6863.1
2020-04-11T00:00:00.000Z,6862.7,6931.4,6765.1,6867.8
2020-04-12T00:00:00.000Z,6867.9,7158.8,6785.1,6917.6
2020-04-13T00:00:00.000Z,6918.1,6920.3,6618.5,6841.3
2020-04-14T00:00:00.000Z,6841.8,6970.8,6768.6,6850.9
2020-04-15T00:00:00.000Z,6851.3,6929.5,6615.9,6629.1
2020-04-16T00:00:00.000Z,6629.1,7159.7,6520.5,7085.6
2020-04-17T00:00:00.000Z,7085.5,7142.8,7005.8,7035.8
2020-04-18T00:00:00.000Z,7035.9,7259.4,7031.5,7230.8
2020-04-19T00:00:00.000Z,7230.9,7238.0,7079.1,7122.9
2020-04-20T00:00:00.000Z,7122.9,7207.5,6771.2,6833.5
2020-04-21T00:00:00.000Z,6833.4,6919.3,6774.3,6842.5
2020-04-22T00:00:00.000Z,6842.5,7137.4,6821.8,7112.9
2020-04-23T00:00:00.000Z,7112.8,7655.4,7036.5,7488.5
2020-04-24T00:00:00.000Z,7491.3,7583.5,7423.5,7503.8
2020-04-25T00:00:00.000Z,7503.9,7684.6,7451.0,7540.4
2020-04-26T00:00:00.000Z,7540.4,7679.4,7520.5,7678.9
2020-04-27T00:00:00.000Z,7679.4,7768.5,7637.7,7766.0
2020-04-28T00:00:00.000Z,7766.0,7770.1,7655.3,7746.9
2020-04-29T00:00:00.000Z,7746.7,8918.5,7729.7,8770.9
2020-04-30T00:00:00.000Z,8770.6,9437.5,8425.5,8629.0
2020-05-01T00:00:00.000Z,8628.6,9040.3,8621.0,8821.6
2020-05-02T00:00:00.000Z,8821.6,8986.2,8771.3,8966.3
2020-05-03T00:00:00.000Z,8966.2,9169.9,8742.2,8885.5
2020-05-04T00:00:00.000Z,8885.5,8945.5,8553.2,8874.7
2020-05-05T00:00:00.000Z,8874.2,9078.7,8800.4,9001.0
2020-05-06T00:00:00.000Z,9000.6,9373.7,8923.6,9151.4
2020-05-07T00:00:00.000Z,9152.7,10033.0,9064.8,9979.8
2020-05-08T00:00:00.000Z,9980.1,10018.2,9731.4,9806.2
2020-05-09T00:00:00.000Z,9806.0,9910.5,9533.6,9554.6
2020-05-10T00:00:00.000Z,9553.9,9569.4,8259.3,8738.8
2020-05-11T00:00:00.000Z,8737.6,9129.6,8235.6,8579.8
2020-05-12T00:00:00.000Z,8569.8,8964.5,8542.8,8813.8
2020-05-13T00:00:00.000Z,8813.9,9384.6,8799.1,9298.7
2020-05-14T00:00:00.000Z,9298.7,9887.5,9265.8,9778.4
2020-05-15T00:00:00.000Z,9778.6,9819.6,9223.2,9318.0
2020-05-16T00:00:00.000Z,9318.1,9579.0,9233.0,9379.5
2020-05-17T00:00:00.000Z,9376.6,9866.0,9327.8,9677.7
2020-05-18T00:00:00.000Z,9678.4,9930.2,9524.4,9730.7
2020-05-19T00:00:00.000Z,9730.8,9883.9,9498.7,9773.3
2020-05-20T00:00:00.000Z,9773.0,9829.3,9368.4,9512.3
2020-05-21T00:00:00.000Z,9511.6,9567.1,8833.6,9059.0
2020-05-22T00:00:00.000Z,9058.2,9253.5,8952.1,9169.7
2020-05-23T00:00:00.000Z,9169.8,9303.2,9098.9,9177.0
2020-05-24T00:00:00.000Z,9177.9,9292.0,8724.1,8728.2
2020-05-25T00:00:00.000Z,8728.0,8959.5,8666.1,8898.2
2020-05-26T00:00:00.000Z,8897.7,8994.6,8713.9,8842.5
2020-05-27T00:00:00.000Z,8842.3,9210.9,8818.6,9199.1
2020-05-28T00:00:00.000Z,9199.8,9610.8,9119.2,9572.2
2020-05-29T00:00:00.000Z,9573.4,9596.5,9358.1,9424.8
2020-05-30T00:00:00.000Z,9424.8,9729.9,9352.7,9692.5
2020-05-31T00:00:00.000Z,9692.9,9695.6,9406.2,9454.8
2020-06-01T00:00:00.000Z,9454.5,10301.8,9429.7,10189.3
2020-06-02T00:00:00.000Z,10190.7,10207.3,9347.3,9527.6
2020-06-03T00:00:00.000Z,9527.0,9667.2,9421.7,9667.2
2020-06-04T00:00:00.000Z,9667.2,9864.4,9490.9,9794.4
2020-06-05T00:00:00.000Z,9794.0,9846.1,9628.7,9631.2
2020-06-06T00:00:00.000Z,9630.8,9733.1,9549.5,9669.6
2020-06-07T00:00:00.000Z,9669.6,9791.8,9417.4,9742.6
2020-06-08T00:00:00.000Z,9743.4,9788.2,9662.3,9777.9
2020-06-09T00:00:00.000Z,9777.7,9857.2,9616.6,9768.8
2020-06-10T00:00:00.000Z,9768.8,9970.9,9710.7,9878.8
2020-06-11T00:00:00.000Z,9878.9,9945.2,9139.1,9283.2
2020-06-12T00:00:00.000Z,9283.7,9547.5,9249.4,9466.6
2020-06-13T00:00:00.000Z,9466.5,9484.9,9369.9,9471.3
2020-06-14T00:00:00.000Z,9470.7,9474.7,9264.4,9345.3
2020-06-15T00:00:00.000Z,9345.5,9489.7,8925.6,9425.4
2020-06-16T00:00:00.000Z,9425.6,9577.1,9379.3,9523.5
2020-06-17T00:00:00.000Z,9523.6,9543.6,9258.2,9464.6
2020-06-18T00:00:00.000Z,9464.6,9480.4,9289.3,9388.1
2020-06-19T00:00:00.000Z,9390.3,9424.0,9249.6,9314.0
2020-06-20T00:00:00.000Z,9314.0,9394.5,9199.8,9358.8
2020-06-21T00:00:00.000Z,9358.8,9411.2,9288.5,9296.4
2020-06-22T00:00:00.000Z,9296.5,9751.9,9285.8,9683.7
2020-06-23T00:00:00.000Z,9683.9,9715.6,9581.8,9624.6
2020-06-24T00:00:00.000Z,9624.6,9667.4,9223.0,9302.0
2020-06-25T00:00:00.000Z,9300.8,9327.3,9022.6,9247.5
2020-06-26T00:00:00.000Z,9247.5,9296.5,9060.1,9160.0
2020-06-27T00:00:00.000Z,9160.5,9190.5,8865.3,9008.3
2020-06-28T00:00:00.000Z,9008.4,9185.5,8950.2,9124.0
2020-06-29T00:00:00.000Z,9122.8,9229.1,9033.6,9185.4
2020-06-30T00:00:00.000Z,9186.0,9199.8,9075.3,9135.4
2020-07-01T00:00:00.000Z,9135.9,9289.0,9101.1,9229.9
2020-07-02T00:00:00.000Z,9229.9,9259.7,8962.1,9085.1
2020-07-03T00:00:00.000Z,9085.0,9120.4,9050.9,9067.1
2020-07-04T00:00:00.000Z,9067.1,9182.3,9049.6,9134.4
2020-07-05T00:00:00.000Z,9134.3,9149.6,8932.1,9081.0
2020-07-06T00:00:00.000Z,9080.4,9363.0,9063.2,9339.0
2020-07-07T00:00:00.000Z,9338.8,9371.2,9209.3,9256.0
2020-07-08T00:00:00.000Z,9256.3,9458.3,9233.1,9429.9
2020-07-09T00:00:00.000Z,9430.1,9434.5,9176.0,9235.7
2020-07-10T00:00:00.000Z,9239.0,9309.8,9131.9,9285.1
2020-07-11T00:00:00.000Z,9285.8,9295.5,9184.2,9233.3
2020-07-12T00:00:00.000Z,9234.2,9337.8,9170.4,9300.8
2020-07-13T00:00:00.000Z,9300.5,9329.6,9207.6,9243.6
2020-07-14T00:00:00.000Z,9243.1,9274.8,9135.7,9253.4
2020-07-15T00:00:00.000Z,9253.6,9270.2,9168.7,9198.7
2020-07-16T00:00:00.000Z,9198.7,9224.2,9052.0,9135.3
2020-07-17T00:00:00.000Z,9135.4,9181.9,9091.5,9155.8
2020-07-18T00:00:00.000Z,9155.8,9198.8,9126.7,9170.2
2020-07-19T00:00:00.000Z,9170.1,9224.8,9106.4,9208.0
2020-07-20T00:00:00.000Z,9208.1,9218.4,9139.9,9162.4
2020-07-21T00:00:00.000Z,9162.3,9426.9,9155.1,9387.3
2020-07-22T00:00:00.000Z,9387.4,9523.1,9296.0,9513.7
2020-07-23T00:00:00.000Z,9513.6,9646.5,9451.1,9599.6
2020-07-24T00:00:00.000Z,9599.2,9626.2,9480.5,9546.4
2020-07-25T00:00:00.000Z,9546.7,9729.3,9536.2,9704.1
2020-07-26T00:00:00.000Z,9690.0,10086.6,9645.9,9932.5
2020-07-27T00:00:00.000Z,9932.7,11367.0,9894.6,11022.8
2020-07-28T00:00:00.000Z,10961.1,11046.1,10873.6,10908.5
2020-07-29T00:00:00.000Z,10908.4,11336.5,10771.8,11105.9
2020-07-30T00:00:00.000Z,11105.8,11164.4,10861.6,11096.2
2020-07-31T00:00:00.000Z,11096.5,11434.8,10964.6,11333.4
2020-08-01T00:00:00.000Z,11333.2,11847.7,11226.1,11803.1
2020-08-02T00:00:00.000Z,11802.6,12061.1,10730.7,11066.8
2020-08-03T00:00:00.000Z,11066.9,11461.1,10981.6,11224.4
2020-08-04T00:00:00.000Z,11223.8,11407.8,11043.0,11184.7
2020-08-05T00:00:00.000Z,11184.8,11771.5,11114.5,11735.1
2020-08-06T00:00:00.000Z,11735.0,11898.4,11563.0,11757.1
2020-08-07T00:00:00.000Z,11757.1,11901.8,11352.4,11592.0
2020-08-08T00:00:00.000Z,11591.6,11805.5,11533.5,11764.3
2020-08-09T00:00:00.000Z,11764.4,11792.8,11527.5,11681.2
2020-08-10T00:00:00.000Z,11681.1,12041.1,11546.9,11889.2
2020-08-11T00:00:00.000Z,11889.2,11931.8,11146.7,11390.4
2020-08-12T00:00:00.000Z,11390.4,11605.4,11190.6,11557.2
2020-08-13T00:00:00.000Z,11557.2,11772.9,11298.4,11770.9
2020-08-14T00:00:00.000Z,11771.1,11835.5,11651.5,11750.8
2020-08-15T00:00:00.000Z,11751.1,11964.0,11711.5,11845.3
2020-08-16T00:00:00.000Z,11845.5,11922.5,11688.9,11899.0
2020-08-17T00:00:00.000Z,11898.8,12444.1,11764.0,12282.6
2020-08-18T00:00:00.000Z,12283.0,12381.4,11842.0,11947.6
2020-08-19T00:00:00.000Z,11944.4,12013.2,11602.6,11750.2
2020-08-20T00:00:00.000Z,11751.0,11881.0,11672.7,11856.9
2020-08-21T00:00:00.000Z,11856.9,11877.4,11495.6,11529.2
2020-08-22T00:00:00.000Z,11529.2,11677.0,11382.1,11661.3
2020-08-23T00:00:00.000Z,11661.1,11705.4,11520.8,11641.6
2020-08-24T00:00:00.000Z,11641.6,11824.6,11587.1,11753.5
2020-08-25T00:00:00.000Z,11752.9,11766.9,11131.0,11324.8
2020-08-26T00:00:00.000Z,11324.9,11533.6,11254.6,11462.3
2020-08-27T00:00:00.000Z,11462.3,11580.3,11135.3,11327.4
2020-08-28T00:00:00.000Z,11327.5,11539.0,11281.9,11527.4
2020-08-29T00:00:00.000Z,11527.8,11576.8,11433.5,11468.1
2020-08-30T00:00:00.000Z,11468.1,11704.2,11462.6,11702.0
2020-08-31T00:00:00.000Z,11701.1,11760.2,11563.8,11644.2
2020-09-01T00:00:00.000Z,11644.2,12045.9,11544.6,11914.9
2020-09-02T00:00:00.000Z,11914.4,11947.5,11244.9,11413.3
2020-09-03T00:00:00.000Z,11413.2,11442.7,10009.5,10168.8
2020-09-04T00:00:00.000Z,10168.7,10614.2,9960.3,10472.5
2020-09-05T00:00:00.000Z,10472.3,10558.7,9897.8,10092.2
2020-09-06T00:00:00.000Z,10092.2,10337.7,10004.7,10296.4
2020-09-07T00:00:00.000Z,10296.4,10400.9,9887.0,10376.9
2020-09-08T00:00:00.000Z,10376.9,10434.4,9877.1,10126.6
2020-09-09T00:00:00.000Z,10126.8,10343.3,9984.6,10224.6
2020-09-10T00:00:00.000Z,10224.3,10480.3,10219.2,10339.7
2020-09-11T00:00:00.000Z,10339.8,10398.8,10212.6,10390.2
2020-09-12T00:00:00.000Z,10390.2,10476.8,10275.9,10441.9
2020-09-13T00:00:00.000Z,10441.7,10579.6,10219.4,10326.0
2020-09-14T00:00:00.000Z,10332.7,10744.3,10264.5,10675.3
2020-09-15T00:00:00.000Z,10675.2,10931.8,10627.8,10785.3
2020-09-16T00:00:00.000Z,10785.2,11093.3,10669.2,10949.5
2020-09-17T00:00:00.000Z,10950.1,11039.3,10755.2,10941.3
2020-09-18T00:00:00.000Z,10941.3,11029.7,10818.7,10933.0
2020-09-19T00:00:00.000Z,10933.0,11177.1,10890.7,11081.8
2020-09-20T00:00:00.000Z,11081.6,11081.6,10772.7,10921.5
2020-09-21T00:00:00.000Z,10919.9,10987.2,10328.5,10416.8
2020-09-22T00:00:00.000Z,10419.4,10570.7,10361.7,10531.5
2020-09-23T00:00:00.000Z,10531.5,10535.4,10146.6,10237.3
2020-09-24T00:00:00.000Z,10238.1,10787.8,10201.0,10739.4
2020-09-25T00:00:00.000Z,10739.9,10756.0,10558.9,10688.8
2020-09-26T00:00:00.000Z,10688.9,10793.3,10650.2,10727.9
2020-09-27T00:00:00.000Z,10727.9,10799.2,10602.7,10776.2
2020-09-28T00:00:00.000Z,10776.4,10946.6,10685.2,10693.2
2020-09-29T00:00:00.000Z,10694.3,10858.4,10642.4,10840.9
2020-09-30T00:00:00.000Z,10843.4,10847.7,10667.6,10776.1
2020-10-01T00:00:00.000Z,10776.6,10913.7,10462.7,10620.5
2020-10-02T00:00:00.000Z,10619.6,10662.9,10387.6,10572.3
2020-10-03T00:00:00.000Z,10572.2,10597.8,10501.2,10544.2
2020-10-04T00:00:00.000Z,10544.4,10693.3,10520.8,10672.9
2020-10-05T00:00:00.000Z,10672.5,10789.6,10623.4,10789.5
2020-10-06T00:00:00.000Z,10790.2,10800.3,10530.8,10602.6
2020-10-07T00:00:00.000Z,10601.0,10680.1,10553.3,10670.9
2020-10-08T00:00:00.000Z,10670.7,10948.6,10549.6,10924.1
2020-10-09T00:00:00.000Z,10923.5,11103.0,10836.9,11054.2
2020-10-10T00:00:00.000Z,11053.5,11475.0,11053.1,11298.4
2020-10-11T00:00:00.000Z,11295.6,11439.4,11277.6,11371.0
2020-10-12T00:00:00.000Z,11370.8,11715.9,11227.4,11533.9
2020-10-13T00:00:00.000Z,11533.5,11558.0,11315.9,11423.8
2020-10-14T00:00:00.000Z,11424.4,11541.0,11293.5,11420.4
2020-10-15T00:00:00.000Z,11421.4,11590.9,11276.7,11503.0
2020-10-16T00:00:00.000Z,11503.2,11542.2,11224.6,11322.0
2020-10-17T00:00:00.000Z,11321.8,11402.7,11274.4,11362.1
2020-10-18T00:00:00.000Z,11362.1,11506.9,11349.8,11506.9
2020-10-19T00:00:00.000Z,11507.1,11823.3,11413.9,11753.4
2020-10-20T00:00:00.000Z,11753.9,12029.4,11685.7,11913.5
2020-10-21T00:00:00.000Z,11913.6,13213.5,11894.6,12808.7
2020-10-22T00:00:00.000Z,12805.5,13183.9,12698.2,12974.6
2020-10-23T00:00:00.000Z,12972.7,13025.5,12738.9,12934.1
2020-10-24T00:00:00.000Z,12933.6,13161.5,12876.4,13117.2
2020-10-25T00:00:00.000Z,13117.0,13345.3,12900.4,13032.2
2020-10-26T00:00:00.000Z,13033.0,13229.7,12792.4,13061.6
2020-10-27T00:00:00.000Z,13061.5,13782.3,13050.3,13657.8
2020-10-28T00:00:00.000Z,13658.3,13851.7,12907.6,13278.9
2020-10-29T00:00:00.000Z,13278.3,13640.0,12982.9,13457.2
2020-10-30T00:00:00.000Z,13457.0,13667.9,13134.5,13559.9
2020-10-31T00:00:00.000Z,13560.2,14065.4,13441.7,13797.3
2020-11-01T00:00:00.000Z,13795.5,13889.5,13628.7,13759.4
2020-11-02T00:00:00.000Z,13759.7,13828.4,13214.2,13561.4
2020-11-03T00:00:00.000Z,13560.5,14054.0,13294.6,14019.9
2020-11-04T00:00:00.000Z,14023.0,14238.8,13544.4,14145.6
2020-11-05T00:00:00.000Z,14145.6,15739.9,14099.7,15587.1
2020-11-06T00:00:00.000Z,15593.9,15955.2,15223.5,15577.9
2020-11-07T00:00:00.000Z,15578.2,15754.4,14385.1,14828.4
2020-11-08T00:00:00.000Z,14826.6,15648.3,14720.7,15483.7
2020-11-09T00:00:00.000Z,15483.3,15819.6,14816.9,15327.2
2020-11-10T00:00:00.000Z,15328.0,15465.3,15096.5,15303.6
2020-11-11T00:00:00.000Z,15303.1,15953.9,15281.0,15695.8
2020-11-12T00:00:00.000Z,15695.8,16342.7,15483.5,16294.7
2020-11-13T00:00:00.000Z,16293.0,16474.1,15973.4,16324.2
2020-11-14T00:00:00.000Z,16323.1,16328.2,15717.7,16071.0
2020-11-15T00:00:00.000Z,16074.7,16158.1,15782.3,15953.0
2020-11-16T00:00:00.000Z,15954.1,16880.7,15870.7,16715.8
2020-11-17T00:00:00.000Z,16715.8,17845.4,16562.0,17662.3
2020-11-18T00:00:00.000Z,17662.3,18466.1,17258.9,17774.6
2020-11-19T00:00:00.000Z,17775.1,18166.0,17380.1,17803.5
2020-11-20T00:00:00.000Z,17805.5,18811.0,17758.4,18675.2
2020-11-21T00:00:00.000Z,18673.8,18966.0,18397.5,18687.2
2020-11-22T00:00:00.000Z,18689.3,18751.5,17644.6,18412.9
2020-11-23T00:00:00.000Z,18428.1,18756.8,18016.0,18379.6
2020-11-24T00:00:00.000Z,18394.6,19416.6,18074.8,19152.6
2020-11-25T00:00:00.000Z,19151.5,19486.7,18527.7,18723.0
2020-11-26T00:00:00.000Z,18721.9,18894.9,16235.2,17162.0
2020-11-27T00:00:00.000Z,17160.9,17450.3,16481.6,17127.1
2020-11-28T00:00:00.000Z,17142.6,17874.4,16874.4,17730.7
2020-11-29T00:00:00.000Z,17729.7,18336.3,17530.4,18185.5
2020-11-30T00:00:00.000Z,18186.0,19831.2,18186.0,19698.1
2020-12-01T00:00:00.000Z,19697.8,19897.4,18257.0,18770.7
2020-12-02T00:00:00.000Z,18767.9,19335.5,18346.7,19218.8
2020-12-03T00:00:00.000Z,19219.8,19596.6,18883.7,19433.3
2020-12-04T00:00:00.000Z,19431.1,19529.5,18610.8,18658.1
2020-12-05T00:00:00.000Z,18657.5,19172.7,18507.1,19146.5
2020-12-06T00:00:00.000Z,19146.0,19417.1,18873.0,19379.9
2020-12-07T00:00:00.000Z,19368.4,19424.6,18908.8,19170.7
2020-12-08T00:00:00.000Z,19170.8,19288.6,18229.2,18326.6
2020-12-09T00:00:00.000Z,18322.4,18637.9,17658.8,18546.0
2020-12-10T00:00:00.000Z,18546.1,18551.8,17926.8,18247.2
2020-12-11T00:00:00.000Z,18250.5,18288.3,17600.1,18023.6
2020-12-12T00:00:00.000Z,18026.7,18936.2,18025.1,18808.9
2020-12-13T00:00:00.000Z,18808.1,19403.6,18716.8,19176.8
2020-12-14T00:00:00.000Z,19176.4,19346.5,19007.0,19273.8
2020-12-15T00:00:00.000Z,19273.9,19556.3,19076.2,19434.9
2020-12-16T00:00:00.000Z,19434.7,21525.3,19299.7,21352.2
2020-12-17T00:00:00.000Z,21352.3,23738.0,21243.1,22825.4
2020-12-18T00:00:00.000Z,22823.3,23272.8,22361.5,23127.9
2020-12-19T00:00:00.000Z,23127.6,24107.1,22797.0,23844.0
2020-12-20T00:00:00.000Z,23843.6,24280.9,23098.9,23474.9
2020-12-21T00:00:00.000Z,23474.1,24101.9,22015.5,22728.5
2020-12-22T00:00:00.000Z,22730.4,23825.4,22388.6,23823.2
2020-12-23T00:00:00.000Z,23820.8,24063.7,22694.7,23257.9
2020-12-24T00:00:00.000Z,23253.2,23783.7,22737.3,23736.5
2020-12-25T00:00:00.000Z,23728.7,24778.9,23445.3,24689.6
2020-12-26T00:00:00.000Z,24714.7,26826.0,24515.1,26454.4
2020-12-27T00:00:00.000Z,26460.3,28360.3,25858.2,26261.3
2020-12-28T00:00:00.000Z,26259.2,27444.9,26144.3,27057.8
2020-12-29T00:00:00.000Z,27065.3,27390.7,25902.8,27376.0
2020-12-30T00:00:00.000Z,27374.5,28979.3,27374.5,28868.7
2020-12-31T00:00:00.000Z,28866.8,29298.8,28025.0,28949.4
2021-01-01T00:00:00.000Z,28951.7,29627.1,28712.4,29359.9
2021-01-02T00:00:00.000Z,29359.7,33233.5,29008.0,32193.3
2021-01-03T00:00:00.000Z,32192.9,34755.9,32029.6,32958.9
2021-01-04T00:00:00.000Z,33016.6,33587.5,28204.5,32022.6
2021-01-05T00:00:00.000Z,32015.4,34414.7,30010.5,33991.5
2021-01-06T00:00:00.000Z,33999.3,36934.8,33408.3,36793.2
2021-01-07T00:00:00.000Z,36798.5,40340.9,36361.2,39460.2
2021-01-08T00:00:00.000Z,39466.4,41921.7,36613.4,40599.3
2021-01-09T00:00:00.000Z,40607.2,41363.5,38775.1,40151.9
2021-01-10T00:00:00.000Z,40149.7,41362.4,35141.6,38192.2
2021-01-11T00:00:00.000Z,38195.3,38217.2,30411.6,35544.3
2021-01-12T00:00:00.000Z,35426.0,36598.7,32572.7,34076.1
2021-01-13T00:00:00.000Z,34061.2,37764.6,32451.9,37382.2
2021-01-14T00:00:00.000Z,37383.4,40054.3,36772.1,39175.7
2021-01-15T00:00:00.000Z,39175.7,39715.0,34488.7,36845.8
2021-01-16T00:00:00.000Z,36751.8,37931.7,35408.4,36019.5
2021-01-17T00:00:00.000Z,36020.1,36801.3,33883.5,35839.6
2021-01-18T00:00:00.000Z,35838.2,37436.8,34801.0,36613.2
2021-01-19T00:00:00.000Z,36630.6,37821.0,36001.4,36002.9
2021-01-20T00:00:00.000Z,35862.1,36384.4,33444.5,35476.3
2021-01-21T00:00:00.000Z,35472.3,35591.1,30101.8,30842.1
2021-01-22T00:00:00.000Z,30838.7,33821.2,28871.2,33000.5
2021-01-23T00:00:00.000Z,32994.1,33441.4,31418.2,32088.9
2021-01-24T00:00:00.000Z,32088.5,33034.8,30982.9,32241.3
2021-01-25T00:00:00.000Z,32244.3,34854.3,31967.4,32252.3
2021-01-26T00:00:00.000Z,32244.1,32917.7,30850.0,32502.1
2021-01-27T00:00:00.000Z,32499.6,32545.4,29290.4,30404.0
2021-01-28T00:00:00.000Z,30408.9,33790.8,29911.9,33374.8
2021-01-29T00:00:00.000Z,33381.7,38546.0,31953.3,34301.8
2021-01-30T00:00:00.000Z,34300.0,34920.9,32908.5,34283.1
2021-01-31T00:00:00.000Z,34281.6,34348.3,32189.9,33108.1
2021-02-01T00:00:00.000Z,33106.8,34685.6,32324.9,33515.7
2021-02-02T00:00:00.000Z,33514.0,35976.1,33462.4,35485.2
2021-02-03T00:00:00.000Z,35486.9,37646.8,35401.5,37646.8
2021-02-04T00:00:00.000Z,37648.9,38707.9,36380.8,36982.1
2021-02-05T00:00:00.000Z,36976.4,38303.6,36640.0,38297.6
2021-02-06T00:00:00.000Z,38300.6,40939.7,38275.3,39256.6
2021-02-07T00:00:00.000Z,39228.9,39691.7,37381.6,38852.9
2021-02-08T00:00:00.000Z,38853.6,46596.4,38057.0,46395.7
2021-02-09T00:00:00.000Z,46396.4,48143.5,45104.7,46508.6
2021-02-10T00:00:00.000Z,46507.8,47295.3,43800.5,44836.0
2021-02-11T00:00:00.000Z,44834.8,48622.1,44041.1,47990.7
2021-02-12T00:00:00.000Z,47995.0,48927.4,46218.6,47371.7
2021-02-13T00:00:00.000Z,47373.1,48097.3,46270.5,47168.7
2021-02-14T00:00:00.000Z,47172.1,49695.1,47051.9,48643.4
2021-02-15T00:00:00.000Z,48611.1,48936.5,45786.1,47936.3
2021-02-16T00:00:00.000Z,47934.2,50515.8,47044.4,49169.7
2021-02-17T00:00:00.000Z,49161.3,52577.7,49018.1,52079.2
2021-02-18T00:00:00.000Z,52094.5,52524.0,50941.6,51582.2
2021-02-19T00:00:00.000Z,51590.1,56238.5,50816.8,55906.6
2021-02-20T00:00:00.000Z,55922.0,57523.8,54124.1,55923.7
2021-02-21T00:00:00.000Z,55907.6,58335.1,55502.7,57433.8
2021-02-22T00:00:00.000Z,57437.6,57480.8,48353.8,54111.8
2021-02-23T00:00:00.000Z,54114.1,54115.0,45093.8,48911.2
2021-02-24T00:00:00.000Z,48911.1,51311.8,47031.7,49697.5
2021-02-25T00:00:00.000Z,49695.9,52013.8,46773.7,46928.5
2021-02-26T00:00:00.000Z,46928.5,48413.9,44248.2,46345.6
2021-02-27T00:00:00.000Z,46333.1,48335.1,45059.4,46136.7
2021-02-28T00:00:00.000Z,46136.0,46582.0,43100.6,45164.0
2021-03-01T00:00:00.000Z,45160.5,49774.0,45008.8,49595.5
2021-03-02T00:00:00.000Z,49595.6,50191.9,47100.6,48424.2
2021-03-03T00:00:00.000Z,48422.2,52567.9,48159.2,50395.1
2021-03-04T00:00:00.000Z,50388.0,51757.7,47521.8,48428.0
2021-03-05T00:00:00.000Z,48363.6,49429.4,46370.1,48792.5
2021-03-06T00:00:00.000Z,48798.7,49191.8,47132.8,48855.6
2021-03-07T00:00:00.000Z,48899.0,51434.1,48890.6,50982.3
2021-03-08T00:00:00.000Z,50988.9,52384.9,49338.1,52311.0
2021-03-09T00:00:00.000Z,52352.4,54880.6,51941.3,54879.0
2021-03-10T00:00:00.000Z,54882.7,57328.7,53073.6,55851.9
2021-03-11T00:00:00.000Z,55851.2,58135.0,54351.8,57799.5
2021-03-12T00:00:00.000Z,57806.2,58052.3,55134.5,57265.1
2021-03-13T00:00:00.000Z,57267.4,61795.8,56118.8,61195.3
2021-03-14T00:00:00.000Z,61192.7,61673.7,59113.7,59113.7
2021-03-15T00:00:00.000Z,59117.4,60565.9,55088.8,55791.3
2021-03-16T00:00:00.000Z,55619.5,56889.7,53342.6,56889.7
2021-03-17T00:00:00.000Z,56892.9,58933.2,54253.2,58913.5
2021-03-18T00:00:00.000Z,58911.8,60088.0,57099.6,57656.0
2021-03-19T00:00:00.000Z,57645.0,59448.3,56305.1,58088.0
2021-03-20T00:00:00.000Z,58084.1,59882.1,57863.0,58093.4
2021-03-21T00:00:00.000Z,58097.4,58583.8,55583.3,57383.8
2021-03-22T00:00:00.000Z,57379.3,58379.9,53784.2,54158.3
2021-03-23T00:00:00.000Z,54117.5,55813.8,52992.3,54452.5
2021-03-24T00:00:00.000Z,54309.1,57169.4,51725.4,52325.4
2021-03-25T00:00:00.000Z,52330.0,53175.4,50441.3,51322.3
2021-03-26T00:00:00.000Z,51317.4,55074.1,51302.0,55036.1
2021-03-27T00:00:00.000Z,55033.8,56531.1,54010.2,55862.9
2021-03-28T00:00:00.000Z,55856.9,56504.2,54711.3,55765.2
2021-03-29T00:00:00.000Z,55764.7,58392.6,54951.1,57616.2
2021-03-30T00:00:00.000Z,57614.6,59366.9,57077.1,58771.3
2021-03-31T00:00:00.000Z,58771.4,59795.6,56991.6,58763.7
2021-04-01T00:00:00.000Z,58763.2,59406.5,58040.7,58718.3
2021-04-02T00:00:00.000Z,58718.2,60134.9,58466.5,58977.3
2021-04-03T00:00:00.000Z,58976.8,59770.5,56906.7,57059.9
2021-04-04T00:00:00.000Z,57059.7,58464.8,56470.6,58199.9
2021-04-05T00:00:00.000Z,58202.3,59205.1,56842.7,58993.4
2021-04-06T00:00:00.000Z,59169.0,59487.0,57403.3,57996.3
2021-04-07T00:00:00.000Z,57996.3,58627.7,55489.3,55948.7
2021-04-08T00:00:00.000Z,55948.0,58136.7,55721.6,58077.4
2021-04-09T00:00:00.000Z,58076.8,58890.9,57686.0,58118.7
2021-04-10T00:00:00.000Z,58127.4,61229.0,57900.0,59748.4
2021-04-11T00:00:00.000Z,59772.4,60667.1,59250.3,59978.7
2021-04-12T00:00:00.000Z,59982.1,61259.9,59569.2,59863.8
2021-04-13T00:00:00.000Z,59863.6,63659.0,59839.4,63540.9
2021-04-14T00:00:00.000Z,63544.2,64778.0,61366.3,62980.4
2021-04-15T00:00:00.000Z,62978.6,63729.1,62067.5,63216.0
2021-04-16T00:00:00.000Z,63211.6,63518.5,60027.3,61379.7
2021-04-17T00:00:00.000Z,61358.3,62509.1,59672.1,60041.9
2021-04-18T00:00:00.000Z,60043.2,60362.1,51817.6,56207.1
2021-04-19T00:00:00.000Z,56208.1,57517.0,54272.3,55646.1
2021-04-20T00:00:00.000Z,55645.1,57054.9,53422.5,56483.2
2021-04-21T00:00:00.000Z,56479.5,56764.4,53657.6,53820.2
2021-04-22T00:00:00.000Z,53821.3,55408.4,50590.9,51729.5
2021-04-23T00:00:00.000Z,51707.1,52099.9,47659.4,51143.6
2021-04-24T00:00:00.000Z,51140.8,51183.0,48775.2,50088.9
2021-04-25T00:00:00.000Z,50088.2,50532.4,47098.5,48963.6
2021-04-26T00:00:00.000Z,48963.5,54320.9,48815.9,54020.5
2021-04-27T00:00:00.000Z,54011.1,55427.8,53345.0,55036.5
2021-04-28T00:00:00.000Z,55036.0,56419.9,53876.4,54841.4
2021-04-29T00:00:00.000Z,54838.6,55173.7,52400.0,53560.8
2021-04-30T00:00:00.000Z,53562.3,57925.6,53088.7,57720.3
2021-05-01T00:00:00.000Z,57719.1,58449.4,57029.5,57807.1
2021-05-02T00:00:00.000Z,57807.2,57868.4,56110.5,56603.8
2021-05-03T00:00:00.000Z,56605.8,58925.1,56562.4,57169.8
2021-05-04T00:00:00.000Z,57170.6,57201.3,53741.5,53741.5
2021-05-05T00:00:00.000Z,53872.5,57936.4,53872.5,57441.3
2021-05-06T00:00:00.000Z,57441.0,58364.9,55294.5,56405.4
2021-05-07T00:00:00.000Z,56411.4,58639.3,55300.1,57337.2
2021-05-08T00:00:00.000Z,57330.3,59471.1,56972.2,58840.1
2021-05-09T00:00:00.000Z,58840.6,59227.0,56414.4,58238.3
2021-05-10T00:00:00.000Z,58251.2,59523.9,53678.3,55848.9
2021-05-11T00:00:00.000Z,55846.1,56871.1,54550.4,56695.7
2021-05-12T00:00:00.000Z,56694.5,57938.5,49187.0,49384.2
2021-05-13T00:00:00.000Z,49398.2,51337.3,46331.1,49704.6
2021-05-14T00:00:00.000Z,49704.9,51459.2,48874.0,49839.8
2021-05-15T00:00:00.000Z,49839.1,50640.9,46650.2,46708.8
2021-05-16T00:00:00.000Z,46729.3,49764.3,43920.8,46426.4
2021-05-17T00:00:00.000Z,46424.2,46545.4,42201.5,43541.3
2021-05-18T00:00:00.000Z,43538.5,45770.9,42293.9,42897.3
2021-05-19T00:00:00.000Z,42898.3,43516.6,30261.7,36720.5
2021-05-20T00:00:00.000Z,36706.8,42425.9,35010.4,40717.2
2021-05-21T00:00:00.000Z,40611.2,42108.3,33592.3,37297.4
2021-05-22T00:00:00.000Z,37291.0,38776.0,35314.9,37448.3
2021-05-23T00:00:00.000Z,37446.8,38248.7,31192.4,34679.7
2021-05-24T00:00:00.000Z,34720.3,39851.7,34474.6,38750.6
2021-05-25T00:00:00.000Z,38753.6,39740.8,36540.7,38378.3
2021-05-26T00:00:00.000Z,38375.7,40750.0,37847.0,39249.2
2021-05-27T00:00:00.000Z,39249.0,40322.2,37190.8,38417.3
2021-05-28T00:00:00.000Z,38543.2,38844.1,34772.4,35662.5
2021-05-29T00:00:00.000Z,35664.5,37227.1,33664.2,34584.6
2021-05-30T00:00:00.000Z,34589.3,36388.6,33441.0,35652.8
2021-05-31T00:00:00.000Z,35644.0,37480.7,34213.2,37298.6
2021-06-01T00:00:00.000Z,37294.3,37850.3,35742.7,36687.6
2021-06-02T00:00:00.000Z,36687.7,38199.9,35981.1,37555.8
2021-06-03T00:00:00.000Z,37555.7,39462.3,37193.6,39187.3
2021-06-04T00:00:00.000Z,39191.4,39255.4,35659.9,36851.3
2021-06-05T00:00:00.000Z,36841.2,37887.6,34832.0,35520.0
2021-06-06T00:00:00.000Z,35518.7,36434.0,35265.3,35815.4
2021-06-07T00:00:00.000Z,35815.4,36754.6,33410.1,33578.0
2021-06-08T00:00:00.000Z,33574.6,34047.8,31158.1,33382.9
2021-06-09T00:00:00.000Z,33385.5,37517.6,32428.6,37332.2
2021-06-10T00:00:00.000Z,37375.2,38340.8,35824.0,36649.4
2021-06-11T00:00:00.000Z,36654.3,37641.1,36003.3,37314.6
2021-06-12T00:00:00.000Z,37334.4,37437.3,34703.3,35467.5
2021-06-13T00:00:00.000Z,35467.5,39321.6,34827.0,39022.9
2021-06-14T00:00:00.000Z,39024.1,40970.4,38769.9,40529.4
2021-06-15T00:00:00.000Z,40522.5,41318.0,39589.9,40156.1
2021-06-16T00:00:00.000Z,40148.1,40494.4,38156.4,38336.0
2021-06-17T00:00:00.000Z,38337.8,39529.9,37425.3,38052.0
2021-06-18T00:00:00.000Z,38045.5,38166.0,35198.5,35749.4
2021-06-19T00:00:00.000Z,35770.0,36357.3,34845.5,35513.4
2021-06-20T00:00:00.000Z,35510.9,36097.9,33378.0,35595.8
2021-06-21T00:00:00.000Z,35597.9,35708.4,31284.1,31692.0
2021-06-22T00:00:00.000Z,31682.7,33272.5,28901.8,32496.4
2021-06-23T00:00:00.000Z,32498.3,34784.3,31736.5,33674.3
2021-06-24T00:00:00.000Z,33678.1,35249.9,32356.7,34665.8
2021-06-25T00:00:00.000Z,34660.5,35490.9,31337.9,31594.0
2021-06-26T00:00:00.000Z,31592.1,32643.0,30206.9,32243.4
2021-06-27T00:00:00.000Z,32247.1,34685.5,32041.7,34678.5
2021-06-28T00:00:00.000Z,34682.2,35231.2,33944.9,34475.9
2021-06-29T00:00:00.000Z,34477.3,36590.3,34247.6,35834.7
2021-06-30T00:00:00.000Z,35832.6,36089.5,34126.6,35026.9
2021-07-01T00:00:00.000Z,35030.7,35032.7,32839.2,33543.6
2021-07-02T00:00:00.000Z,33542.2,33925.9,32734.6,33813.4
2021-07-03T00:00:00.000Z,33814.2,34909.8,33363.3,34742.8
2021-07-04T00:00:00.000Z,34742.8,35957.6,34740.1,35298.2
2021-07-05T00:00:00.000Z,35297.0,35300.5,33164.1,33687.8
2021-07-06T00:00:00.000Z,33688.5,35062.0,33581.7,34225.6
2021-07-07T00:00:00.000Z,34228.7,35036.6,33801.3,33867.8
2021-07-08T00:00:00.000Z,33859.4,33923.2,32146.9,32866.3
2021-07-09T00:00:00.000Z,32866.3,34079.2,32367.0,33797.4
2021-07-10T00:00:00.000Z,33797.7,34221.0,33056.8,33510.6
2021-07-11T00:00:00.000Z,33510.8,34580.6,33319.8,34227.7
2021-07-12T00:00:00.000Z,34228.3,34598.0,32662.8,33113.0
2021-07-13T00:00:00.000Z,33106.1,33307.7,32259.5,32728.1
2021-07-14T00:00:00.000Z,32727.8,33051.9,31611.2,32820.7
2021-07-15T00:00:00.000Z,32820.5,33157.0,31175.8,31840.5
2021-07-16T00:00:00.000Z,31842.3,32239.8,31062.2,31394.0
2021-07-17T00:00:00.000Z,31384.4,31914.8,31207.8,31518.6
2021-07-18T00:00:00.000Z,31517.9,32408.2,31220.6,31785.4
2021-07-19T00:00:00.000Z,31782.9,31887.0,30478.2,30837.2
2021-07-20T00:00:00.000Z,30835.4,31040.8,29310.2,29793.8
2021-07-21T00:00:00.000Z,29794.7,32794.6,29519.3,32131.4
2021-07-22T00:00:00.000Z,32131.7,32585.4,31729.4,32298.9
2021-07-23T00:00:00.000Z,32297.9,33605.6,32041.1,33603.3
2021-07-24T00:00:00.000Z,33600.5,33955.0,33412.9,33824.8
2021-07-25T00:00:00.000Z,34392.5,35391.1,33881.3,35391.1
2021-07-26T00:00:00.000Z,35392.3,40522.9,35236.7,37276.6
2021-07-27T00:00:00.000Z,37294.3,39455.9,36427.4,39452.0
2021-07-28T00:00:00.000Z,39450.4,40862.2,38883.8,40003.2
2021-07-29T00:00:00.000Z,40009.0,40630.7,39340.8,40001.4
2021-07-30T00:00:00.000Z,40001.1,42264.4,38358.4,42203.4
2021-07-31T00:00:00.000Z,42201.4,42285.3,41066.4,41553.7
2021-08-01T00:00:00.000Z,41510.0,42565.0,39556.5,39878.3
2021-08-02T00:00:00.000Z,39869.8,40449.0,38692.5,39168.4
2021-08-03T00:00:00.000Z,39167.4,39766.6,37688.2,38130.3
2021-08-04T00:00:00.000Z,38188.4,39956.5,37556.0,39736.9
2021-08-05T00:00:00.000Z,39734.4,41366.3,37365.4,40867.2
2021-08-06T00:00:00.000Z,40868.4,43253.4,39905.4,42795.4
2021-08-07T00:00:00.000Z,42784.7,44697.3,42611.0,44614.2
2021-08-08T00:00:00.000Z,44584.9,45284.1,43314.4,43792.8
2021-08-09T00:00:00.000Z,43794.9,46460.7,42824.1,46284.3
2021-08-10T00:00:00.000Z,46281.8,46663.4,44681.2,45593.8
2021-08-11T00:00:00.000Z,45593.2,46736.5,45367.9,45564.3
2021-08-12T00:00:00.000Z,45562.3,46213.8,43814.7,44403.4
2021-08-13T00:00:00.000Z,44404.0,47836.0,44242.4,47809.1
2021-08-14T00:00:00.000Z,47809.6,48090.9,46117.2,47081.5
2021-08-15T00:00:00.000Z,47082.6,47344.1,45564.1,46991.3
2021-08-16T00:00:00.000Z,46991.6,48002.4,45672.1,45996.3
2021-08-17T00:00:00.000Z,45907.5,47140.6,44441.3,44691.6
2021-08-18T00:00:00.000Z,44691.1,46004.9,44230.0,44723.8
2021-08-19T00:00:00.000Z,44725.9,47012.3,43986.7,46755.9
2021-08-20T00:00:00.000Z,46756.7,49343.3,46646.8,49324.0
2021-08-21T00:00:00.000Z,49330.0,49719.1,48293.5,48875.8
2021-08-22T00:00:00.000Z,48870.4,49480.3,48151.0,49254.5
2021-08-23T00:00:00.000Z,49255.4,50498.8,49038.6,49539.7
2021-08-24T00:00:00.000Z,49532.5,49847.4,47623.6,47714.7
2021-08-25T00:00:00.000Z,47707.4,49230.2,47163.3,48994.5
2021-08-26T00:00:00.000Z,48994.4,49347.8,46360.4,46831.6
2021-08-27T00:00:00.000Z,46830.2,49142.0,46371.5,49064.3
2021-08-28T00:00:00.000Z,49062.8,49289.4,48428.5,48897.1
2021-08-29T00:00:00.000Z,48899.7,49621.7,47870.1,48777.4
2021-08-30T00:00:00.000Z,48777.1,48886.0,46876.9,46992.7
2021-08-31T00:00:00.000Z,46989.1,48217.0,46709.3,47130.4
2021-09-01T00:00:00.000Z,47129.2,49121.0,46533.1,48819.4
2021-09-02T00:00:00.000Z,48817.8,50355.3,48612.9,49274.3
2021-09-03T00:00:00.000Z,49269.5,51008.8,48377.3,49999.0
2021-09-04T00:00:00.000Z,49999.3,50534.6,49461.4,49918.4
2021-09-05T00:00:00.000Z,49918.7,51878.2,49492.4,51768.6
2021-09-06T00:00:00.000Z,51769.4,52726.2,51002.8,52672.1
2021-09-07T00:00:00.000Z,52674.2,52885.3,43072.4,46779.6
2021-09-08T00:00:00.000Z,46774.1,47316.9,44493.7,46061.4
2021-09-09T00:00:00.000Z,46057.6,47305.7,45609.0,46385.6
2021-09-10T00:00:00.000Z,46385.9,47021.6,44283.6,44842.8
2021-09-11T00:00:00.000Z,44844.9,45975.6,44766.6,45161.9
2021-09-12T00:00:00.000Z,45162.6,46386.4,44755.2,46062.3
2021-09-13T00:00:00.000Z,46060.8,46807.7,43463.2,44949.5
2021-09-14T00:00:00.000Z,44950.2,47247.6,44718.7,47077.5
2021-09-15T00:00:00.000Z,47070.8,48436.5,46743.9,48130.6
2021-09-16T00:00:00.000Z,48132.3,48480.6,47040.3,47748.0
2021-09-17T00:00:00.000Z,47748.2,48155.9,46788.8,47282.8
2021-09-18T00:00:00.000Z,47283.9,48761.0,47070.5,48306.7
2021-09-19T00:00:00.000Z,48299.9,48341.9,46866.6,47238.7
2021-09-20T00:00:00.000Z,47240.8,47323.9,42547.1,42870.6
2021-09-21T00:00:00.000Z,43012.3,43619.3,39646.8,40651.3
2021-09-22T00:00:00.000Z,40660.8,43976.7,40585.7,43551.6
2021-09-23T00:00:00.000Z,43550.7,44949.8,43090.1,44869.2
2021-09-24T00:00:00.000Z,44867.4,45112.0,40908.5,42819.9
2021-09-25T00:00:00.000Z,42818.7,42959.3,41714.5,42686.8
2021-09-26T00:00:00.000Z,42685.8,43907.3,40786.6,43203.4
2021-09-27T00:00:00.000Z,43200.9,44293.2,42143.9,42172.6
2021-09-28T00:00:00.000Z,42169.9,42758.8,40906.4,41022.3
2021-09-29T00:00:00.000Z,41023.1,42571.2,40815.0,41536.8
2021-09-30T00:00:00.000Z,41534.5,44101.2,41416.7,43823.3
2021-10-01T00:00:00.000Z,43824.4,48435.2,43292.9,48146.0
2021-10-02T00:00:00.000Z,48147.2,48306.9,47451.7,47666.9
2021-10-03T00:00:00.000Z,47665.4,49165.2,47123.0,48200.1
2021-10-04T00:00:00.000Z,48200.4,49481.7,46958.6,49227.3
2021-10-05T00:00:00.000Z,49229.5,51872.4,49060.1,51469.3
2021-10-06T00:00:00.000Z,51470.0,55676.1,50439.5,55323.2
2021-10-07T00:00:00.000Z,55325.2,55325.6,53476.4,53783.9
2021-10-08T00:00:00.000Z,53785.5,55977.9,53659.3,53914.7
2021-10-09T00:00:00.000Z,53924.1,55430.8,53711.7,54942.5
2021-10-10T00:00:00.000Z,54942.5,56432.2,54100.8,54687.7
2021-10-11T00:00:00.000Z,54686.9,57814.1,54457.8,57477.3
2021-10-12T00:00:00.000Z,57480.6,57635.7,54155.4,56015.9
2021-10-13T00:00:00.000Z,56014.5,57697.4,54314.4,57380.1
2021-10-14T00:00:00.000Z,57370.4,58506.5,56866.8,57345.8
2021-10-15T00:00:00.000Z,57348.2,62892.8,56874.8,61672.5
2021-10-16T00:00:00.000Z,61669.2,62329.2,60161.9,60861.1
2021-10-17T00:00:00.000Z,60865.5,61651.4,59143.4,61527.5
2021-10-18T00:00:00.000Z,61525.8,62623.6,60026.9,62056.3
2021-10-19T00:00:00.000Z,62030.2,64454.0,61451.0,64278.5
2021-10-20T00:00:00.000Z,64276.9,66967.1,63543.7,65979.1
2021-10-21T00:00:00.000Z,66004.6,66616.9,62092.1,62210.2
2021-10-22T00:00:00.000Z,62200.8,63699.7,60055.7,60690.3
2021-10-23T00:00:00.000Z,60693.2,61728.7,59738.3,61312.5
2021-10-24T00:00:00.000Z,61308.2,61469.9,59523.7,60866.5
2021-10-25T00:00:00.000Z,60864.3,63694.8,60655.8,63067.0
2021-10-26T00:00:00.000Z,63067.5,63275.1,59907.3,60310.8
2021-10-27T00:00:00.000Z,60312.5,61452.9,58112.6,58438.1
2021-10-28T00:00:00.000Z,58437.2,62251.3,58128.1,60582.5
2021-10-29T00:00:00.000Z,60579.9,62952.2,60322.2,62242.8
2021-10-30T00:00:00.000Z,62245.0,62338.5,60786.0,61840.1
2021-10-31T00:00:00.000Z,61842.2,62393.7,60005.7,61309.6
2021-11-01T00:00:00.000Z,61310.1,62430.1,59612.7,60915.3
2021-11-02T00:00:00.000Z,60912.2,64256.4,60651.5,63221.7
2021-11-03T00:00:00.000Z,63223.5,63508.6,60883.0,62918.5
2021-11-04T00:00:00.000Z,62915.4,63077.6,60742.9,61412.6
2021-11-05T00:00:00.000Z,61411.5,62560.3,60742.4,60974.3
2021-11-06T00:00:00.000Z,60973.2,61543.2,60093.6,61483.9
2021-11-07T00:00:00.000Z,61483.8,63273.2,61347.2,63273.2
2021-11-08T00:00:00.000Z,63276.4,67763.3,63276.4,67527.9
2021-11-09T00:00:00.000Z,67528.7,68493.3,66334.9,66904.4
2021-11-10T00:00:00.000Z,66942.6,68990.6,62951.3,64932.6
2021-11-11T00:00:00.000Z,64922.8,65583.3,64121.9,64806.7
2021-11-12T00:00:00.000Z,64782.6,65449.7,62309.7,64134.5
2021-11-13T00:00:00.000Z,64133.3,64906.0,63381.4,64398.6
2021-11-14T00:00:00.000Z,64397.2,65508.2,63608.3,65508.2
2021-11-15T00:00:00.000Z,65514.9,66311.2,63439.5,63597.9
2021-11-16T00:00:00.000Z,63605.1,63605.6,58655.9,60089.1
2021-11-17T00:00:00.000Z,60074.2,60814.5,58531.9,60367.8
2021-11-18T00:00:00.000Z,60368.2,60936.9,56524.4,56955.3
2021-11-19T00:00:00.000Z,56908.3,58335.9,55626.3,58083.4
2021-11-20T00:00:00.000Z,58080.8,59854.6,57435.3,59717.6
2021-11-21T00:00:00.000Z,59724.0,60002.6,58528.3,58714.3
2021-11-22T00:00:00.000Z,58719.7,59288.3,55656.8,56308.8
2021-11-23T00:00:00.000Z,56304.8,57855.1,55542.5,57573.2
2021-11-24T00:00:00.000Z,57559.4,57697.4,55910.6,57171.7
2021-11-25T00:00:00.000Z,57167.1,59387.3,57029.8,58935.1
2021-11-26T00:00:00.000Z,58937.3,59151.1,53533.5,53730.9
2021-11-27T00:00:00.000Z,53747.2,55280.3,53654.3,54765.9
2021-11-28T00:00:00.000Z,54758.0,57392.3,53448.3,57291.5
2021-11-29T00:00:00.000Z,57288.1,58855.2,56726.7,57794.8
2021-11-30T00:00:00.000Z,57795.2,59174.4,55936.9,56882.9
2021-12-01T00:00:00.000Z,56891.7,59064.3,56496.5,57210.3
2021-12-02T00:00:00.000Z,57207.8,57377.5,55807.9,56496.0
2021-12-03T00:00:00.000Z,56495.2,57543.6,52008.9,53631.5
2021-12-04T00:00:00.000Z,53620.7,53847.2,42587.8,49195.2
2021-12-05T00:00:00.000Z,49196.4,49689.3,47797.8,49405.5
2021-12-06T00:00:00.000Z,49412.1,50913.3,47237.9,50562.1
2021-12-07T00:00:00.000Z,50547.4,51918.6,50070.9,50595.2
2021-12-08T00:00:00.000Z,50596.6,51204.7,48700.7,50473.9
2021-12-09T00:00:00.000Z,50477.6,50790.2,47341.9,47596.6
2021-12-10T00:00:00.000Z,47591.7,49974.8,47007.1,47137.2
2021-12-11T00:00:00.000Z,47138.4,49487.0,46834.0,49314.5
2021-12-12T00:00:00.000Z,49332.5,50779.2,48670.5,50081.0
2021-12-13T00:00:00.000Z,50075.9,50196.1,45848.2,46703.6
2021-12-14T00:00:00.000Z,46709.8,48635.0,46338.3,48366.5
2021-12-15T00:00:00.000Z,48366.2,49477.9,46572.6,48871.5
2021-12-16T00:00:00.000Z,48876.6,49387.8,47543.9,47628.2
2021-12-17T00:00:00.000Z,47630.4,47997.2,45523.8,46172.2
2021-12-18T00:00:00.000Z,46171.8,47330.2,45513.4,46856.2
2021-12-19T00:00:00.000Z,46855.7,48270.2,46438.4,46704.5
2021-12-20T00:00:00.000Z,46703.4,47488.9,45577.3,46895.2
2021-12-21T00:00:00.000Z,46900.1,49306.1,46654.0,48902.0
2021-12-22T00:00:00.000Z,48898.7,49540.3,48449.7,48599.7
2021-12-23T00:00:00.000Z,48599.6,51355.6,48053.4,50801.0
2021-12-24T00:00:00.000Z,50807.4,51795.3,50428.4,50786.1
2021-12-25T00:00:00.000Z,50789.6,51140.2,50196.8,50406.4
2021-12-26T00:00:00.000Z,50404.0,51247.0,49527.0,50779.9
2021-12-27T00:00:00.000Z,50783.6,52016.3,50459.0,50678.2
2021-12-28T00:00:00.000Z,50703.4,50703.8,47345.7,47545.2
2021-12-29T00:00:00.000Z,47548.4,48121.7,46127.8,46461.7
2021-12-30T00:00:00.000Z,46470.7,47901.4,46003.0,47123.3
2021-12-31T00:00:00.000Z,47123.3,48553.9,45693.6,46219.5
2022-01-01T00:00:00.000Z,46217.5,47917.6,46217.5,47738.0
2022-01-02T00:00:00.000Z,47738.7,47944.9,46718.2,47311.8
2022-01-03T00:00:00.000Z,47293.9,47556.0,45704.0,46430.2
2022-01-04T00:00:00.000Z,46435.7,47505.4,45602.1,45837.3
2022-01-05T00:00:00.000Z,45833.1,47019.4,42535.1,43425.9
2022-01-06T00:00:00.000Z,43431.6,43772.3,42481.1,43097.5
2022-01-07T00:00:00.000Z,43097.9,43127.7,40810.0,41546.7
2022-01-08T00:00:00.000Z,41551.3,42304.4,40574.3,41672.0
2022-01-09T00:00:00.000Z,41681.2,42764.4,41260.9,41848.3
2022-01-10T00:00:00.000Z,41848.9,42243.8,39697.0,41832.2
2022-01-11T00:00:00.000Z,41829.1,43090.2,41287.6,42733.2
2022-01-12T00:00:00.000Z,42735.0,44243.6,42476.7,43901.0
2022-01-13T00:00:00.000Z,43900.0,44404.7,42337.5,42560.0
2022-01-14T00:00:00.000Z,42562.2,43435.1,41848.7,43073.3
2022-01-15T00:00:00.000Z,43073.6,43777.9,42586.1,43097.0
2022-01-16T00:00:00.000Z,43079.2,43462.0,42643.3,43079.1
2022-01-17T00:00:00.000Z,43080.5,43179.6,41559.4,42209.3
2022-01-18T00:00:00.000Z,42209.9,42674.2,41300.7,42364.6
2022-01-19T00:00:00.000Z,42365.3,42558.0,41160.9,41677.8
2022-01-20T00:00:00.000Z,41683.6,43487.1,40568.3,40715.9
2022-01-21T00:00:00.000Z,40698.1,41104.6,35503.9,36475.5
2022-01-22T00:00:00.000Z,36467.7,36749.8,34116.0,35075.2
2022-01-23T00:00:00.000Z,35072.9,36513.0,34655.2,36269.5
2022-01-24T00:00:00.000Z,36268.6,37424.0,32985.6,36686.3
2022-01-25T00:00:00.000Z,36691.3,37501.8,35729.3,36950.6
2022-01-26T00:00:00.000Z,36962.3,38862.6,36280.0,36800.4
2022-01-27T00:00:00.000Z,36800.1,37215.4,35543.2,37164.3
2022-01-28T00:00:00.000Z,37195.6,37995.9,36176.5,37745.1
2022-01-29T00:00:00.000Z,37736.5,38663.7,37350.2,38170.8
2022-01-30T00:00:00.000Z,38167.5,38313.3,37390.6,37917.7
2022-01-31T00:00:00.000Z,37923.8,38701.4,36672.8,38498.6
2022-02-01T00:00:00.000Z,38475.6,39230.0,38037.9,38709.7
2022-02-02T00:00:00.000Z,38711.2,38853.8,36682.3,36890.2
2022-02-03T00:00:00.000Z,36890.2,37304.3,36297.3,37287.8
2022-02-04T00:00:00.000Z,37287.8,41689.0,37041.1,41567.6
2022-02-05T00:00:00.000Z,41566.5,41899.8,40963.3,41412.1
2022-02-06T00:00:00.000Z,41411.9,42614.8,41176.3,42392.2
2022-02-07T00:00:00.000Z,42385.2,44468.3,41695.4,43833.9
2022-02-08T00:00:00.000Z,43833.9,45399.8,42705.0,44038.2
2022-02-09T00:00:00.000Z,44038.2,44800.4,43163.0,44388.9
2022-02-10T00:00:00.000Z,44388.9,45755.2,43242.5,43521.0
2022-02-11T00:00:00.000Z,43519.3,43915.1,42023.4,42388.4
2022-02-12T00:00:00.000Z,42388.4,43006.4,41776.8,42205.2
2022-02-13T00:00:00.000Z,42205.5,42725.1,41880.1,42061.1
2022-02-14T00:00:00.000Z,42061.1,42799.7,41591.3,42550.3
2022-02-15T00:00:00.000Z,42550.3,44722.6,42460.1,44544.4
2022-02-16T00:00:00.000Z,44540.9,44552.9,43377.6,43883.6
2022-02-17T00:00:00.000Z,43885.5,44167.1,40103.8,40552.8
2022-02-18T00:00:00.000Z,40532.5,40935.5,39505.0,40000.1
2022-02-19T00:00:00.000Z,40000.1,40434.3,39666.6,40090.3
2022-02-20T00:00:00.000Z,40089.6,40120.3,38042.2,38355.0
2022-02-21T00:00:00.000Z,38355.0,39444.1,36868.9,37017.7
2022-02-22T00:00:00.000Z,37018.3,38414.9,36399.6,38248.2
2022-02-23T00:00:00.000Z,38248.2,39194.5,37099.5,37224.6
2022-02-24T00:00:00.000Z,37250.2,39351.6,34357.4,38339.2
2022-02-25T00:00:00.000Z,38339.2,39683.7,38042.6,39209.6
2022-02-26T00:00:00.000Z,39221.6,40094.5,38639.1,39115.5
2022-02-27T00:00:00.000Z,39116.6,39838.5,37062.3,37689.1
2022-02-28T00:00:00.000Z,37707.2,43977.8,37458.9,43188.2
2022-03-01T00:00:00.000Z,43187.2,44900.5,42876.6,44420.3
2022-03-02T00:00:00.000Z,44420.3,45294.2,43361.3,43912.8
2022-03-03T00:00:00.000Z,43912.8,44077.2,41840.8,42463.0
2022-03-04T00:00:00.000Z,42463.0,42848.7,38594.9,39142.7
2022-03-05T00:00:00.000Z,39142.8,39600.2,38626.1,39395.8
2022-03-06T00:00:00.000Z,39396.3,39668.1,38115.0,38403.1
2022-03-07T00:00:00.000Z,38420.6,39532.0,37182.1,38024.8
2022-03-08T00:00:00.000Z,38020.6,39351.5,37886.6,38744.8
2022-03-09T00:00:00.000Z,38731.5,42538.5,38663.3,41929.0
2022-03-10T00:00:00.000Z,41933.9,42029.1,38603.5,39416.3
2022-03-11T00:00:00.000Z,39422.5,40177.0,38236.4,38730.2
2022-03-12T00:00:00.000Z,38730.2,39355.3,38666.5,38814.3
2022-03-13T00:00:00.000Z,38813.2,39272.3,37603.4,37792.4
2022-03-14T00:00:00.000Z,37789.5,39914.3,37613.6,39671.1
2022-03-15T00:00:00.000Z,39673.0,39854.7,38220.9,39285.7
2022-03-16T00:00:00.000Z,39282.5,41701.6,38953.2,41118.7
2022-03-17T00:00:00.000Z,41118.7,41406.0,40557.8,40914.8
2022-03-18T00:00:00.000Z,40914.6,42308.4,40234.8,41767.8
2022-03-19T00:00:00.000Z,41768.0,42386.0,41529.6,42233.0
2022-03-20T00:00:00.000Z,42241.0,42301.0,40922.0,41276.0
2022-03-21T00:00:00.000Z,41282.0,41532.0,40530.0,41022.0
2022-03-22T00:00:00.000Z,41022.0,43327.9,40893.0,42373.0
2022-03-23T00:00:00.000Z,42373.0,43027.0,41795.0,42912.0
2022-03-24T00:00:00.000Z,42911.0,44251.0,42658.0,44013.0
2022-03-25T00:00:00.000Z,44013.0,45112.0,43622.0,44331.0
2022-03-26T00:00:00.000Z,44331.0,44818.0,44090.0,44548.0
2022-03-27T00:00:00.000Z,44542.0,46947.0,44445.0,46859.0
2022-03-28T00:00:00.000Z,46859.0,48199.0,46672.0,47105.0
2022-03-29T00:00:00.000Z,47126.0,48127.0,47029.0,47449.0
2022-03-30T00:00:00.000Z,47449.0,47714.0,46601.0,47075.0
2022-03-31T00:00:00.000Z,47071.0,47624.0,45228.0,45525.0
2022-04-01T00:00:00.000Z,45529.0,46728.0,44261.0,46297.0
2022-04-02T00:00:00.000Z,46299.0,47212.0,45641.0,45811.0
2022-04-03T00:00:00.000Z,45813.0,47435.0,45554.0,46407.0
2022-04-04T00:00:00.000Z,46407.0,46899.0,45152.0,46629.0
2022-04-05T00:00:00.000Z,46614.0,47201.0,45388.0,45506.0
2022-04-06T00:00:00.000Z,45494.0,45519.0,43122.0,43173.0
2022-04-07T00:00:00.000Z,43166.0,43893.0,42747.0,43448.0
2022-04-08T00:00:00.000Z,43450.0,43979.0,42113.0,42275.0
2022-04-09T00:00:00.000Z,42275.0,42809.0,42129.0,42767.0
2022-04-10T00:00:00.000Z,42760.0,43421.0,41884.0,42138.0
2022-04-11T00:00:00.000Z,42144.0,42418.0,39202.0,39497.0
2022-04-12T00:00:00.000Z,39507.0,40678.0,39265.0,40078.0
2022-04-13T00:00:00.000Z,40072.0,41515.0,39581.0,41133.0
2022-04-14T00:00:00.000Z,41133.0,41494.0,39585.0,39936.0
2022-04-15T00:00:00.000Z,39936.0,40850.0,39781.0,40560.0
2022-04-16T00:00:00.000Z,40571.0,40691.0,40003.0,40382.0
2022-04-17T00:00:00.000Z,40382.0,40599.0,39561.0,39703.0
2022-04-18T00:00:00.000Z,39700.0,41095.0,38577.0,40803.0
2022-04-19T00:00:00.000Z,40809.0,41746.0,40585.0,41503.0
2022-04-20T00:00:00.000Z,41499.0,42203.0,40915.0,41368.0
2022-04-21T00:00:00.000Z,41370.0,42969.0,39793.0,40482.0
2022-04-22T00:00:00.000Z,40487.0,40792.0,39200.0,39709.0
2022-04-23T00:00:00.000Z,39709.0,39973.0,39291.0,39418.0
2022-04-24T00:00:00.000Z,39434.0,39929.0,39033.0,39464.0
2022-04-25T00:00:00.000Z,39464.0,40599.0,38233.0,40427.0
2022-04-26T00:00:00.000Z,40443.0,40770.0,37708.0,38113.0
2022-04-27T00:00:00.000Z,38113.0,39447.0,37869.0,39243.0
2022-04-28T00:00:00.000Z,39243.0,40382.0,38888.0,39748.0
2022-04-29T00:00:00.000Z,39748.0,39919.0,38175.0,38581.0
2022-04-30T00:00:00.000Z,38590.0,38776.0,37596.0,37650.0
2022-05-01T00:00:00.000Z,37642.0,38676.0,37397.0,38461.0
2022-05-02T00:00:00.000Z,38472.0,39134.0,38061.0,38514.0
2022-05-03T00:00:00.000Z,38515.0,38647.0,37513.0,37718.0
2022-05-04T00:00:00.000Z,37717.0,40021.0,37660.0,39688.0
2022-05-05T00:00:00.000Z,39686.0,39833.0,36183.0,36544.0
2022-05-06T00:00:00.000Z,36540.0,36646.0,35267.0,36009.0
2022-05-07T00:00:00.000Z,36003.0,36119.0,34773.0,35468.0
2022-05-08T00:00:00.000Z,35468.0,35497.0,33727.0,34060.0
2022-05-09T00:00:00.000Z,34041.0,34227.0,30095.0,30095.0
2022-05-10T00:00:00.000Z,30098.2,32621.2,29831.0,31007.5
2022-05-11T00:00:00.000Z,31008.0,32113.6,27835.5,29068.2
2022-05-12T00:00:00.000Z,29073.4,30136.7,26500.5,28976.0
2022-05-13T00:00:00.000Z,28994.3,31002.7,28755.0,29284.4
2022-05-14T00:00:00.000Z,29285.2,30277.4,28666.7,30080.4
2022-05-15T00:00:00.000Z,30078.6,31383.8,29499.4,31308.7
2022-05-16T00:00:00.000Z,31308.3,31312.4,29135.8,29849.0
2022-05-17T00:00:00.000Z,29856.7,30720.1,29484.5,30437.5
2022-05-18T00:00:00.000Z,30437.5,30687.9,28648.1,28683.7
2022-05-19T00:00:00.000Z,28700.4,30525.1,28682.1,30305.9
2022-05-20T00:00:00.000Z,30305.9,30735.1,28738.5,29178.6
2022-05-21T00:00:00.000Z,29188.7,29623.2,28953.9,29434.6
2022-05-22T00:00:00.000Z,29433.0,30462.0,29260.1,30286.6
2022-05-23T00:00:00.000Z,30287.3,30644.8,28913.6,29093.3
2022-05-24T00:00:00.000Z,29091.6,29810.8,28706.1,29648.7
2022-05-25T00:00:00.000Z,29648.7,30202.3,29353.5,29540.6
2022-05-26T00:00:00.000Z,29537.9,29868.9,28077.9,29203.5
2022-05-27T00:00:00.000Z,29194.0,29377.1,28282.2,28601.2
2022-05-28T00:00:00.000Z,28620.1,29194.4,28537.2,29027.1
2022-05-29T00:00:00.000Z,29027.1,29556.5,28838.7,29465.2
2022-05-30T00:00:00.000Z,29465.2,32185.6,29307.2,31723.3
2022-05-31T00:00:00.000Z,31730.2,32377.5,31221.2,31793.4
2022-06-01T00:00:00.000Z,31793.1,31969.9,29396.6,29798.5
2022-06-02T00:00:00.000Z,29798.6,30638.5,29604.4,30455.5
2022-06-03T00:00:00.000Z,30455.7,30674.8,29330.8,29700.9
2022-06-04T00:00:00.000Z,29700.9,29963.8,29489.5,29864.3
2022-06-05T00:00:00.000Z,29865.1,30166.9,29539.0,29913.0
2022-06-06T00:00:00.000Z,29911.2,31753.4,29888.6,31367.6
2022-06-07T00:00:00.000Z,31370.3,31556.6,29235.0,31128.8
2022-06-08T00:00:00.000Z,31127.2,31312.1,29874.8,30201.6
2022-06-09T00:00:00.000Z,30202.1,30691.4,29953.8,30097.8
2022-06-10T00:00:00.000Z,30097.4,30325.6,28884.9,29083.3
2022-06-11T00:00:00.000Z,29083.3,29426.6,28161.8,28403.4
2022-06-12T00:00:00.000Z,28404.0,28534.8,26606.3,26606.3
2022-06-13T00:00:00.000Z,26606.3,26857.6,22006.3,22448.0
2022-06-14T00:00:00.000Z,22449.1,23200.3,20860.9,22157.3
2022-06-15T00:00:00.000Z,22137.5,22754.4,20125.8,22577.9
2022-06-16T00:00:00.000Z,22577.9,22942.1,20231.1,20386.6
2022-06-17T00:00:00.000Z,20391.3,21315.4,20244.1,20444.6
2022-06-18T00:00:00.000Z,20446.4,20744.7,17630.5,18986.5
2022-06-19T00:00:00.000Z,18983.4,20763.5,17983.7,20577.2
2022-06-20T00:00:00.000Z,20576.9,20996.8,19658.8,20572.3
2022-06-21T00:00:00.000Z,20571.6,21689.3,20371.7,20720.4
2022-06-22T00:00:00.000Z,20720.2,20864.3,19780.2,19965.8
2022-06-23T00:00:00.000Z,19967.3,21189.8,19907.5,21100.7
2022-06-24T00:00:00.000Z,21100.9,21488.7,20743.9,21226.9
2022-06-25T00:00:00.000Z,21226.9,21553.4,20917.5,21489.9
2022-06-26T00:00:00.000Z,21489.9,21837.4,20989.7,21043.5
2022-06-27T00:00:00.000Z,21037.7,21497.5,20568.0,20730.2
2022-06-28T00:00:00.000Z,20727.9,21200.2,20210.5,20278.0
2022-06-29T00:00:00.000Z,20278.0,20415.8,19880.7,20111.3
2022-06-30T00:00:00.000Z,20111.3,20155.1,18682.7,19926.6
2022-07-01T00:00:00.000Z,19926.6,20785.6,18980.1,19262.9
2022-07-02T00:00:00.000Z,19275.4,19425.4,19006.4,19243.2
2022-07-03T00:00:00.000Z,19243.4,19626.4,18794.4,19309.9
2022-07-04T00:00:00.000Z,19310.6,20303.8,19052.5,20215.8
2022-07-05T00:00:00.000Z,20215.8,20706.9,19315.4,20200.6
2022-07-06T00:00:00.000Z,20180.4,20654.9,19785.3,20561.1
2022-07-07T00:00:00.000Z,20557.9,21817.8,20282.7,21637.8
2022-07-08T00:00:00.000Z,21637.1,22482.1,21207.0,21611.2
2022-07-09T00:00:00.000Z,21610.4,21944.1,21338.4,21587.5
2022-07-10T00:00:00.000Z,21587.4,21599.2,20689.7,20847.4
2022-07-11T00:00:00.000Z,20847.2,20855.0,19897.0,19963.2
2022-07-12T00:00:00.000Z,19963.2,20051.7,19279.6,19330.9
2022-07-13T00:00:00.000Z,19331.6,20250.8,18942.2,20250.0
2022-07-14T00:00:00.000Z,20250.0,20862.2,19664.9,20586.0
2022-07-15T00:00:00.000Z,20586.1,21178.1,20393.4,20825.1
2022-07-16T00:00:00.000Z,20825.2,21561.3,20484.4,21209.9
2022-07-17T00:00:00.000Z,21209.8,21654.4,20755.2,20785.6
2022-07-18T00:00:00.000Z,20785.6,22714.9,20770.6,22525.8
2022-07-19T00:00:00.000Z,22529.3,23757.3,21581.8,23410.2
2022-07-20T00:00:00.000Z,23412.0,24258.0,22944.4,23215.2
2022-07-21T00:00:00.000Z,23219.9,23403.8,22360.2,23153.0
2022-07-22T00:00:00.000Z,23150.0,23741.4,22524.2,22675.2
2022-07-23T00:00:00.000Z,22683.6,22991.0,21971.7,22460.4
2022-07-24T00:00:00.000Z,22449.8,22987.9,22281.3,22582.1
2022-07-25T00:00:00.000Z,22582.3,22653.3,21275.4,21301.9
2022-07-26T00:00:00.000Z,21301.6,21322.3,20737.3,21248.7
2022-07-27T00:00:00.000Z,21248.0,23027.8,21047.5,22958.3
2022-07-28T00:00:00.000Z,22957.7,24190.5,22611.6,23850.0
2022-07-29T00:00:00.000Z,23850.2,24340.0,23451.4,23774.3
2022-07-30T00:00:00.000Z,23774.2,24605.3,23521.8,23634.2
2022-07-31T00:00:00.000Z,23634.2,24179.3,23236.2,23303.4
2022-08-01T00:00:00.000Z,23303.4,23484.4,22863.8,23271.2
2022-08-02T00:00:00.000Z,23271.1,23423.3,22670.8,22988.6
2022-08-03T00:00:00.000Z,22988.7,23623.7,22698.6,22820.8
2022-08-04T00:00:00.000Z,22822.2,23214.5,22438.7,22612.1
2022-08-05T00:00:00.000Z,22613.3,23447.6,22593.5,23308.2
2022-08-06T00:00:00.000Z,23308.2,23344.4,22923.6,22944.2
2022-08-07T00:00:00.000Z,22944.2,23387.7,22852.3,23175.3
2022-08-08T00:00:00.000Z,23175.3,24234.1,23160.6,23816.3
2022-08-09T00:00:00.000Z,23818.1,23912.0,22886.5,23146.7
2022-08-10T00:00:00.000Z,23150.3,24209.9,22714.7,23962.9
2022-08-11T00:00:00.000Z,23963.3,24873.5,23864.0,23935.3
2022-08-12T00:00:00.000Z,23935.3,24440.8,23616.4,24398.7
2022-08-13T00:00:00.000Z,24398.9,24882.9,24318.7,24442.5
2022-08-14T00:00:00.000Z,24442.1,24997.3,24172.2,24302.8
2022-08-15T00:00:00.000Z,24303.3,25205.7,23784.5,24101.7
2022-08-16T00:00:00.000Z,24102.6,24240.8,23693.8,23856.8
2022-08-17T00:00:00.000Z,23855.8,24423.5,23191.6,23338.0
2022-08-18T00:00:00.000Z,23337.7,23578.0,23131.3,23203.6
2022-08-19T00:00:00.000Z,23201.6,23202.3,20807.8,20831.3
2022-08-20T00:00:00.000Z,20830.7,21357.4,20784.8,21138.9
2022-08-21T00:00:00.000Z,21138.9,21692.4,21077.4,21517.2
2022-08-22T00:00:00.000Z,21516.8,21517.4,20912.1,21416.3
2022-08-23T00:00:00.000Z,21416.5,21661.0,20919.6,21517.2
2022-08-24T00:00:00.000Z,21516.2,21832.3,21171.1,21365.2
2022-08-25T00:00:00.000Z,21365.4,21801.2,21324.8,21565.4
2022-08-26T00:00:00.000Z,21564.2,21815.3,20122.4,20249.9
2022-08-27T00:00:00.000Z,20249.9,20343.6,19849.8,20033.9
2022-08-28T00:00:00.000Z,20034.2,20150.8,19542.9,19550.2
2022-08-29T00:00:00.000Z,19551.3,20394.5,19551.2,20295.8
2022-08-30T00:00:00.000Z,20295.6,20558.2,19559.7,19792.6
2022-08-31T00:00:00.000Z,19793.4,20469.1,19793.4,20043.9
2022-09-01T00:00:00.000Z,20049.9,20202.7,19584.4,20126.1
2022-09-02T00:00:00.000Z,20131.6,20428.2,19764.7,19952.7
2022-09-03T00:00:00.000Z,19952.8,20043.8,19660.7,19831.4
2022-09-04T00:00:00.000Z,19832.2,20017.8,19594.7,19999.9
2022-09-05T00:00:00.000Z,19999.9,20042.9,19650.7,19793.1
2022-09-06T00:00:00.000Z,19793.4,20169.3,18723.3,18786.4
2022-09-07T00:00:00.000Z,18786.3,19445.9,18548.4,19281.5
2022-09-08T00:00:00.000Z,19281.5,19444.7,19034.5,19317.4
2022-09-09T00:00:00.000Z,19318.8,21545.7,19294.1,21365.2
2022-09-10T00:00:00.000Z,21363.8,21790.6,21139.9,21650.4
2022-09-11T00:00:00.000Z,21650.4,21836.4,21363.0,21834.9
2022-09-12T00:00:00.000Z,21836.6,22465.4,21581.6,22395.3
2022-09-13T00:00:00.000Z,22395.3,22702.5,19909.6,20175.5
2022-09-14T00:00:00.000Z,20175.5,20503.7,19654.2,20222.5
2022-09-15T00:00:00.000Z,20222.3,20321.4,19532.3,19701.7
2022-09-16T00:00:00.000Z,19701.9,19883.0,19352.9,19802.4
2022-09-17T00:00:00.000Z,19802.8,20178.6,19761.0,20113.5
2022-09-18T00:00:00.000Z,20113.9,20113.9,19347.7,19418.8
2022-09-19T00:00:00.000Z,19417.4,19666.6,18277.8,19538.9
2022-09-20T00:00:00.000Z,19538.9,19626.3,18742.6,18872.4
2022-09-21T00:00:00.000Z,18875.1,19758.4,18191.8,18489.0
2022-09-22T00:00:00.000Z,18488.1,19490.9,18371.0,19404.0
2022-09-23T00:00:00.000Z,19404.1,19477.3,18554.8,19293.5
2022-09-24T00:00:00.000Z,19288.4,19310.6,18812.0,18925.2
2022-09-25T00:00:00.000Z,18925.1,19125.1,18659.6,18803.2
2022-09-26T00:00:00.000Z,18803.1,19304.8,18695.2,19225.7
2022-09-27T00:00:00.000Z,19228.8,20361.2,18850.4,19081.0
2022-09-28T00:00:00.000Z,19083.4,19757.8,18505.3,19411.0
2022-09-29T00:00:00.000Z,19420.2,19631.5,18877.9,19593.0
2022-09-30T00:00:00.000Z,19593.4,20174.9,19208.9,19423.0
2022-10-01T00:00:00.000Z,19422.9,19480.3,19172.6,19311.9
2022-10-02T00:00:00.000Z,19311.9,19389.9,18937.3,19052.2
2022-10-03T00:00:00.000Z,19057.6,19676.0,19001.3,19628.3
2022-10-04T00:00:00.000Z,19629.7,20436.1,19506.4,20340.2
2022-10-05T00:00:00.000Z,20340.5,20353.8,19761.7,20157.5
2022-10-06T00:00:00.000Z,20157.5,20436.7,19873.7,19956.7
2022-10-07T00:00:00.000Z,19962.4,20051.4,19352.1,19531.3
2022-10-08T00:00:00.000Z,19530.2,19612.2,19274.7,19415.0
2022-10-09T00:00:00.000Z,19416.3,19552.1,19329.6,19441.0
2022-10-10T00:00:00.000Z,19441.7,19520.7,19057.0,19134.6
2022-10-11T00:00:00.000Z,19134.3,19261.3,18868.7,19059.1
2022-10-12T00:00:00.000Z,19058.5,19212.6,19010.6,19154.8
2022-10-13T00:00:00.000Z,19154.6,19494.4,18207.9,19379.8
2022-10-14T00:00:00.000Z,19379.8,19933.9,19098.6,19181.8
2022-10-15T00:00:00.000Z,19181.7,19218.7,19000.8,19068.7
2022-10-16T00:00:00.000Z,19068.8,19411.9,19066.0,19261.9
2022-10-17T00:00:00.000Z,19262.2,19663.5,19163.6,19548.2
2022-10-18T00:00:00.000Z,19548.4,19692.9,19102.8,19328.2
2022-10-19T00:00:00.000Z,19328.2,19358.6,19101.2,19123.9
2022-10-20T00:00:00.000Z,19125.1,19334.5,18935.6,19042.9
2022-10-21T00:00:00.000Z,19042.9,19245.5,18703.3,19162.6
2022-10-22T00:00:00.000Z,19162.6,19249.9,19116.1,19204.8
2022-10-23T00:00:00.000Z,19204.8,19680.9,19092.5,19571.2
2022-10-24T00:00:00.000Z,19571.2,19588.6,19177.2,19331.5
2022-10-25T00:00:00.000Z,19331.8,20406.9,19249.0,20082.7
2022-10-26T00:00:00.000Z,20086.8,20981.5,20062.9,20769.5
2022-10-27T00:00:00.000Z,20769.5,20867.9,20231.6,20292.9
2022-10-28T00:00:00.000Z,20293.0,20744.0,20058.2,20594.4
2022-10-29T00:00:00.000Z,20594.2,21038.1,20561.9,20809.8
2022-10-30T00:00:00.000Z,20809.4,20922.3,20522.5,20626.3
2022-10-31T00:00:00.000Z,20626.0,20822.4,20260.0,20496.3
2022-11-01T00:00:00.000Z,20496.1,20676.6,20348.1,20483.5
2022-11-02T00:00:00.000Z,20482.9,20778.3,20065.8,20154.4
2022-11-03T00:00:00.000Z,20154.0,20384.5,20066.6,20206.4
2022-11-04T00:00:00.000Z,20206.4,21281.9,20184.6,21145.9
2022-11-05T00:00:00.000Z,21145.7,21464.7,21084.1,21301.6
2022-11-06T00:00:00.000Z,21298.7,21360.4,20901.0,20916.3
2022-11-07T00:00:00.000Z,20916.3,21055.4,20410.5,20589.0
2022-11-08T00:00:00.000Z,20589.0,20667.5,17260.0,18527.4
2022-11-09T00:00:00.000Z,18538.9,18583.8,15603.3,15886.9
2022-11-10T00:00:00.000Z,15887.0,18138.2,15799.3,17589.1
2022-11-11T00:00:00.000Z,17589.1,17679.4,16435.5,17049.9
2022-11-12T00:00:00.000Z,17049.9,17100.8,16633.9,16795.2
2022-11-13T00:00:00.000Z,16803.9,16946.5,16274.9,16324.5
2022-11-14T00:00:00.000Z,16325.0,17158.4,15834.0,16613.7
2022-11-15T00:00:00.000Z,16615.0,17112.0,16543.9,16895.1
2022-11-16T00:00:00.000Z,16895.4,16993.4,16408.2,16540.5
2022-11-17T00:00:00.000Z,16540.5,16739.7,16425.8,16691.2
2022-11-18T00:00:00.000Z,16715.4,16846.3,16553.0,16638.3
2022-11-19T00:00:00.000Z,16652.2,16814.9,16608.9,16699.2
2022-11-20T00:00:00.000Z,16699.3,16749.3,16209.2,16286.7
2022-11-21T00:00:00.000Z,16278.6,16287.9,15504.2,15776.2
2022-11-22T00:00:00.000Z,15776.6,16274.6,15620.4,16212.9
2022-11-23T00:00:00.000Z,16216.9,16677.6,16162.3,16623.9
2022-11-24T00:00:00.000Z,16604.9,16785.6,16472.0,16601.2
2022-11-25T00:00:00.000Z,16600.6,16611.8,16360.9,16512.3
2022-11-26T00:00:00.000Z,16512.3,16686.3,16387.9,16456.5
2022-11-27T00:00:00.000Z,16456.4,16595.4,16414.6,16425.6
2022-11-28T00:00:00.000Z,16426.1,16481.4,16013.5,16211.7
2022-11-29T00:00:00.000Z,16211.9,16531.4,16100.1,16440.4
2022-11-30T00:00:00.000Z,16440.8,17215.5,16433.2,17163.9
2022-12-01T00:00:00.000Z,17163.4,17244.7,16868.9,16972.0
2022-12-02T00:00:00.000Z,16972.2,17096.2,16799.9,17093.6
2022-12-03T00:00:00.000Z,17093.4,17132.6,16862.1,16884.5
2022-12-04T00:00:00.000Z,16884.8,17198.1,16881.6,17112.6
2022-12-05T00:00:00.000Z,17106.9,17395.2,16886.9,16966.5
2022-12-06T00:00:00.000Z,16966.3,17101.1,16914.9,17089.3
2022-12-07T00:00:00.000Z,17089.4,17126.7,16715.3,16835.2
2022-12-08T00:00:00.000Z,16835.2,17294.2,16765.8,17225.7
2022-12-09T00:00:00.000Z,17225.6,17288.6,17082.1,17125.7
2022-12-10T00:00:00.000Z,17125.7,17220.5,17105.7,17127.2
2022-12-11T00:00:00.000Z,17127.0,17262.9,17080.6,17093.3
2022-12-12T00:00:00.000Z,17093.2,17232.5,16878.5,17210.4
2022-12-13T00:00:00.000Z,17210.9,17951.6,17094.5,17778.6
2022-12-14T00:00:00.000Z,17778.6,18351.8,17682.1,17796.4
2022-12-15T00:00:00.000Z,17796.4,17846.1,17298.2,17356.1
2022-12-16T00:00:00.000Z,17356.7,17518.5,16542.4,16629.6
2022-12-17T00:00:00.000Z,16629.0,16794.4,16587.0,16777.1
2022-12-18T00:00:00.000Z,16777.0,16825.7,16666.5,16741.1
2022-12-19T00:00:00.000Z,16741.1,16809.5,16331.2,16441.3
2022-12-20T00:00:00.000Z,16441.3,17031.3,16400.7,16902.8
2022-12-21T00:00:00.000Z,16902.7,16919.4,16735.0,16831.8
2022-12-22T00:00:00.000Z,16831.8,16862.2,16566.1,16820.6
2022-12-23T00:00:00.000Z,16820.5,16910.7,16768.0,16779.1
2022-12-24T00:00:00.000Z,16778.6,16855.8,16777.8,16837.2
2022-12-25T00:00:00.000Z,16835.7,16852.9,16733.0,16831.8
2022-12-26T00:00:00.000Z,16831.8,16936.1,16799.4,16918.1
2022-12-27T00:00:00.000Z,16918.2,16964.0,16610.1,16706.1
2022-12-28T00:00:00.000Z,16705.9,16781.1,16474.2,16546.2
2022-12-29T00:00:00.000Z,16546.2,16659.1,16496.6,16636.4
2022-12-30T00:00:00.000Z,16636.4,16644.4,16360.0,16607.2
2022-12-31T00:00:00.000Z,16607.2,16635.9,16487.3,16537.4
2023-01-01T00:00:00.000Z,16537.5,16621.9,16499.7,16618.4
2023-01-02T00:00:00.000Z,16618.4,16766.9,16551.0,16674.3
2023-01-03T00:00:00.000Z,16673.1,16773.2,16607.2,16674.2
2023-01-04T00:00:00.000Z,16674.2,16976.5,16656.5,16852.1
2023-01-05T00:00:00.000Z,16852.2,16877.9,16772.3,16829.8
2023-01-06T00:00:00.000Z,16829.8,17012.3,16707.6,16950.9
2023-01-07T00:00:00.000Z,16950.9,16979.6,16909.7,16943.6
2023-01-08T00:00:00.000Z,16943.6,17119.0,16913.8,17119.0
2023-01-09T00:00:00.000Z,17119.0,17390.8,17107.1,17180.1
2023-01-10T00:00:00.000Z,17180.1,17491.0,17151.7,17439.1
2023-01-11T00:00:00.000Z,17440.5,17989.8,17323.9,17942.3
2023-01-12T00:00:00.000Z,17941.0,19055.3,17915.5,18851.3
2023-01-13T00:00:00.000Z,18850.8,19981.6,18723.8,19927.0
2023-01-14T00:00:00.000Z,19926.9,21185.6,19898.6,20958.2
2023-01-15T00:00:00.000Z,20956.0,21032.2,20585.7,20879.8
2023-01-16T00:00:00.000Z,20880.1,21416.8,20698.9,21184.2
2023-01-17T00:00:00.000Z,21184.4,21506.4,20926.2,21137.1
2023-01-18T00:00:00.000Z,21137.1,21584.1,20448.3,20670.6
2023-01-19T00:00:00.000Z,20670.6,21169.4,20669.7,21081.2
2023-01-20T00:00:00.000Z,21074.9,22718.5,20879.3,22677.2
2023-01-21T00:00:00.000Z,22677.5,23304.5,22461.1,22775.7
2023-01-22T00:00:00.000Z,22775.7,23068.7,22323.0,22707.8
2023-01-23T00:00:00.000Z,22709.0,23161.8,22527.9,22915.5
2023-01-24T00:00:00.000Z,22916.3,23156.1,22517.1,22632.5
2023-01-25T00:00:00.000Z,22632.5,23779.0,22366.3,23055.1
2023-01-26T00:00:00.000Z,23055.2,23259.5,22869.0,23016.0
2023-01-27T00:00:00.000Z,23016.0,23480.3,22602.9,23074.6
2023-01-28T00:00:00.000Z,23074.6,23182.3,22889.8,23027.9
2023-01-29T00:00:00.000Z,23023.5,23952.9,22973.3,23753.1
2023-01-30T00:00:00.000Z,23746.0,23794.0,22560.0,22832.2
2023-01-31T00:00:00.000Z,22832.2,23262.9,22724.9,23125.1
2023-02-01T00:00:00.000Z,23124.7,23784.5,22809.6,23725.6
2023-02-02T00:00:00.000Z,23726.2,24207.2,23398.1,23427.6
2023-02-03T00:00:00.000Z,23429.1,23694.1,23233.8,23431.2
2023-02-04T00:00:00.000Z,23431.2,23571.8,23269.8,23323.8
2023-02-05T00:00:00.000Z,23326.9,23423.4,22766.5,22936.0
2023-02-06T00:00:00.000Z,22936.0,23130.6,22633.7,22761.8
2023-02-07T00:00:00.000Z,22761.8,23338.8,22748.2,23251.7
2023-02-08T00:00:00.000Z,23251.7,23425.1,22691.7,22964.6
2023-02-09T00:00:00.000Z,22964.6,23003.6,21744.6,21792.5
2023-02-10T00:00:00.000Z,21792.5,21933.6,21491.7,21635.0
2023-02-11T00:00:00.000Z,21627.4,21902.9,21605.3,21859.8
2023-02-12T00:00:00.000Z,21859.9,22080.7,21653.1,21786.8
2023-02-13T00:00:00.000Z,21782.7,21887.5,21418.7,21772.6
2023-02-14T00:00:00.000Z,21776.9,22308.6,21556.2,22198.5
2023-02-15T00:00:00.000Z,22198.5,24330.9,22050.8,24327.9
2023-02-16T00:00:00.000Z,24328.1,25233.8,23525.9,23539.6
2023-02-17T00:00:00.000Z,23538.2,24984.7,23373.0,24573.5
2023-02-18T00:00:00.000Z,24573.5,24838.9,24457.0,24631.4
2023-02-19T00:00:00.000Z,24631.3,25175.2,24273.7,24302.9
2023-02-20T00:00:00.000Z,24302.8,25085.4,23868.6,24839.5
2023-02-21T00:00:00.000Z,24839.5,25236.8,24160.8,24450.7
2023-02-22T00:00:00.000Z,24450.7,24474.3,23593.4,24186.6
2023-02-23T00:00:00.000Z,24186.6,24590.4,23637.9,23936.3
2023-02-24T00:00:00.000Z,23936.4,24123.4,22970.3,23191.5
2023-02-25T00:00:00.000Z,23191.3,23215.3,22777.4,23166.1
2023-02-26T00:00:00.000Z,23166.1,23671.8,23066.0,23558.7
2023-02-27T00:00:00.000Z,23558.7,23876.2,23166.8,23494.1
2023-02-28T00:00:00.000Z,23494.0,23595.0,23033.8,23130.5
2023-03-01T00:00:00.000Z,23130.6,23914.1,23025.3,23642.2
2023-03-02T00:00:00.000Z,23642.2,23780.5,23208.7,23465.4
2023-03-03T00:00:00.000Z,23465.6,23473.4,22051.9,22354.4
2023-03-04T00:00:00.000Z,22354.7,22403.7,22167.4,22347.1
2023-03-05T00:00:00.000Z,22347.1,22636.7,22213.5,22428.3
2023-03-06T00:00:00.000Z,22428.2,22595.4,22320.1,22410.0
2023-03-07T00:00:00.000Z,22410.1,22535.1,21968.6,22197.8
2023-03-08T00:00:00.000Z,22197.8,22274.3,21661.3,21710.8
2023-03-09T00:00:00.000Z,21710.8,21826.5,20079.6,20361.8
2023-03-10T00:00:00.000Z,20362.0,20362.6,19591.8,20156.7
2023-03-11T00:00:00.000Z,20156.5,20669.5,19796.7,20467.5
2023-03-12T00:00:00.000Z,20465.0,22028.6,20294.2,21994.8
2023-03-13T00:00:00.000Z,21994.8,24406.2,21859.6,24114.4
2023-03-14T00:00:00.000Z,24121.5,26365.9,23994.6,24699.7
2023-03-15T00:00:00.000Z,24699.6,25108.9,23932.4,24282.7
2023-03-16T00:00:00.000Z,24283.2,25139.0,24147.9,25004.1
2023-03-17T00:00:00.000Z,25004.4,27742.2,24900.1,27391.8
2023-03-18T00:00:00.000Z,27391.9,27659.1,26688.7,26914.5
2023-03-19T00:00:00.000Z,26914.5,28347.3,26844.6,27958.7
2023-03-20T00:00:00.000Z,27958.9,28457.8,27157.0,27720.5
2023-03-21T00:00:00.000Z,27719.8,28437.8,27350.6,28114.0
2023-03-22T00:00:00.000Z,28114.2,28760.3,26668.7,27261.7
2023-03-23T00:00:00.000Z,27262.8,28734.1,27144.6,28310.7
2023-03-24T00:00:00.000Z,28306.9,28374.5,27026.5,27462.2
2023-03-25T00:00:00.000Z,27462.2,27761.9,27176.7,27475.6
2023-03-26T00:00:00.000Z,27474.9,28153.7,27429.1,27973.5
2023-03-27T00:00:00.000Z,27974.8,28023.3,26611.5,27129.8
2023-03-28T00:00:00.000Z,27127.8,27465.0,26665.6,27262.2
2023-03-29T00:00:00.000Z,27262.9,28627.4,27249.8,28350.4
2023-03-30T00:00:00.000Z,28350.3,29160.4,27716.7,28029.5
2023-03-31T00:00:00.000Z,28029.3,28646.3,27587.5,28473.7
2023-04-01T00:00:00.000Z,28473.7,28795.1,28285.6,28456.1
2023-04-02T00:00:00.000Z,28456.1,28522.8,27871.7,28198.3
2023-04-03T00:00:00.000Z,28194.7,28458.4,27256.9,27802.1
2023-04-04T00:00:00.000Z,27802.2,28429.1,27668.9,28164.4
2023-04-05T00:00:00.000Z,28164.4,28744.4,27823.5,28173.5
2023-04-06T00:00:00.000Z,28173.5,28173.5,27734.5,28036.7
2023-04-07T00:00:00.000Z,28037.6,28102.5,27779.4,27910.4
2023-04-08T00:00:00.000Z,27910.4,28153.1,27863.8,27941.2
2023-04-09T00:00:00.000Z,27941.2,28522.7,27809.2,28326.6
2023-04-10T00:00:00.000Z,28326.5,29755.4,28182.9,29641.0
2023-04-11T00:00:00.000Z,29641.0,30484.6,29597.8,30209.6
2023-04-12T00:00:00.000Z,30209.8,30473.0,29679.5,29886.4
2023-04-13T00:00:00.000Z,29892.4,30524.1,29864.5,30387.4
2023-04-14T00:00:00.000Z,30387.4,30964.9,30026.0,30472.5
2023-04-15T00:00:00.000Z,30472.6,30586.5,30208.8,30299.6
2023-04-16T00:00:00.000Z,30299.2,30545.3,30134.6,30310.3
2023-04-17T00:00:00.000Z,30310.8,30312.2,29274.0,29434.9
2023-04-18T00:00:00.000Z,29434.1,30470.1,29149.2,30382.2
2023-04-19T00:00:00.000Z,30382.2,30408.4,28641.1,28813.7
2023-04-20T00:00:00.000Z,28813.7,29082.1,28032.4,28240.5
2023-04-21T00:00:00.000Z,28240.5,28353.4,27171.1,27264.8
2023-04-22T00:00:00.000Z,27264.8,27872.0,27165.7,27813.9
2023-04-23T00:00:00.000Z,27813.8,27815.0,27388.5,27591.4
2023-04-24T00:00:00.000Z,27591.4,27978.8,27054.3,27509.3
2023-04-25T00:00:00.000Z,27510.1,28375.6,27201.1,28298.8
2023-04-26T00:00:00.000Z,28298.8,29995.7,27307.8,28424.6
2023-04-27T00:00:00.000Z,28424.5,29859.8,28392.4,29475.9
2023-04-28T00:00:00.000Z,29475.9,29587.2,28927.8,29321.8
2023-04-29T00:00:00.000Z,29318.4,29425.5,29058.5,29234.1
2023-04-30T00:00:00.000Z,29235.1,29941.3,29095.0,29252.1
2023-05-01T00:00:00.000Z,29252.1,29329.6,27685.9,28077.6
2023-05-02T00:00:00.000Z,28079.0,28877.4,27913.2,28669.1
2023-05-03T00:00:00.000Z,28669.1,29244.7,28164.4,29023.6
2023-05-04T00:00:00.000Z,29023.6,29352.7,28687.4,28842.1
2023-05-05T00:00:00.000Z,28842.2,29653.9,28825.3,29513.2
2023-05-06T00:00:00.000Z,29512.8,29816.4,28414.9,28857.1
2023-05-07T00:00:00.000Z,28857.1,29122.0,28419.6,28424.8
2023-05-08T00:00:00.000Z,28424.8,28627.8,27280.3,27670.5
2023-05-09T00:00:00.000Z,27670.5,27816.0,27366.3,27634.9
2023-05-10T00:00:00.000Z,27634.3,28311.7,26885.7,27603.3
2023-05-11T00:00:00.000Z,27604.3,27607.4,26766.2,26983.5
2023-05-12T00:00:00.000Z,26983.1,27044.0,25853.1,26799.2
2023-05-13T00:00:00.000Z,26798.7,27011.9,26695.6,26777.5
2023-05-14T00:00:00.000Z,26777.4,27176.1,26609.9,26920.0
2023-05-15T00:00:00.000Z,26920.4,27651.7,26752.1,27183.9
2023-05-16T00:00:00.000Z,27183.9,27295.3,26881.9,27035.3
2023-05-17T00:00:00.000Z,27035.5,27465.3,26597.7,27403.1
2023-05-18T00:00:00.000Z,27403.8,27467.0,26449.8,26828.0
2023-05-19T00:00:00.000Z,26828.2,27154.7,26711.3,26882.9
2023-05-20T00:00:00.000Z,26883.0,27147.2,26831.3,27116.2
2023-05-21T00:00:00.000Z,27116.2,27257.1,26677.6,26749.9
2023-05-22T00:00:00.000Z,26749.9,27048.9,26546.1,26847.3
2023-05-23T00:00:00.000Z,26851.6,27448.1,26804.1,27220.7
2023-05-24T00:00:00.000Z,27220.7,27220.7,26088.7,26328.4
2023-05-25T00:00:00.000Z,26327.1,26589.2,25892.5,26475.8
2023-05-26T00:00:00.000Z,26475.5,26911.6,26330.0,26711.5
2023-05-27T00:00:00.000Z,26711.2,26882.9,26591.2,26857.5
2023-05-28T00:00:00.000Z,26855.3,28181.9,26788.5,28071.2
2023-05-29T00:00:00.000Z,28068.4,28431.2,27548.8,27739.4
2023-05-30T00:00:00.000Z,27738.9,28033.6,27583.8,27698.2
2023-05-31T00:00:00.000Z,27696.9,27825.0,26865.1,27216.1
2023-06-01T00:00:00.000Z,27216.4,27340.9,26662.3,26819.0
2023-06-02T00:00:00.000Z,26819.0,27299.4,26541.3,27244.7
2023-06-03T00:00:00.000Z,27246.0,27317.5,26931.4,27072.0
2023-06-04T00:00:00.000Z,27070.9,27410.2,26956.1,27122.3
2023-06-05T00:00:00.000Z,27122.3,27125.5,25437.5,25747.4
2023-06-06T00:00:00.000Z,25745.6,27325.2,25425.6,27230.2
2023-06-07T00:00:00.000Z,27230.2,27342.0,26141.0,26342.5
2023-06-08T00:00:00.000Z,26341.8,26784.4,26231.3,26501.1
2023-06-09T00:00:00.000Z,26501.1,26773.9,26326.7,26479.3
2023-06-10T00:00:00.000Z,26479.3,26525.1,25468.3,25844.0
2023-06-11T00:00:00.000Z,25843.3,26190.1,25660.8,25928.4
2023-06-12T00:00:00.000Z,25927.9,26080.7,25635.0,25906.8
2023-06-13T00:00:00.000Z,25906.9,26428.9,25726.4,25929.4
2023-06-14T00:00:00.000Z,25929.0,26051.7,24847.4,25129.5
2023-06-15T00:00:00.000Z,25129.5,25732.8,24838.0,25591.3
2023-06-16T00:00:00.000Z,25591.9,26472.8,25276.0,26341.3
2023-06-17T00:00:00.000Z,26341.3,26767.3,26183.5,26515.0
2023-06-18T00:00:00.000Z,26515.0,26679.3,26290.6,26339.7
2023-06-19T00:00:00.000Z,26339.7,27029.7,26295.1,26845.9
2023-06-20T00:00:00.000Z,26845.9,28393.0,26665.5,28307.7
2023-06-21T00:00:00.000Z,28307.7,30769.5,28270.5,29996.9
2023-06-22T00:00:00.000Z,29992.8,30497.8,29590.4,29890.5
2023-06-23T00:00:00.000Z,29890.2,31395.4,29822.6,30679.4
2023-06-24T00:00:00.000Z,30680.7,30795.3,30269.4,30533.6
2023-06-25T00:00:00.000Z,30533.6,31040.2,30315.8,30465.3
2023-06-26T00:00:00.000Z,30466.3,30645.9,29986.3,30267.0
2023-06-27T00:00:00.000Z,30267.0,30993.7,30231.3,30689.1
2023-06-28T00:00:00.000Z,30691.9,30703.4,29919.5,30078.6
2023-06-29T00:00:00.000Z,30077.3,30823.1,30051.3,30445.7
2023-06-30T00:00:00.000Z,30445.7,31275.5,29714.5,30472.9
2023-07-01T00:00:00.000Z,30472.9,30649.9,30329.0,30586.8
2023-07-02T00:00:00.000Z,30587.1,30769.0,30227.9,30617.7
2023-07-03T00:00:00.000Z,30617.5,31377.0,30581.5,31151.3
2023-07-04T00:00:00.000Z,31152.0,31326.5,30657.8,30768.4
2023-07-05T00:00:00.000Z,30768.6,30875.6,30233.3,30512.8
2023-07-06T00:00:00.000Z,30512.8,31463.6,29869.0,29913.1
2023-07-07T00:00:00.000Z,29912.7,30442.0,29757.4,30346.4
2023-07-08T00:00:00.000Z,30346.8,30379.9,30055.9,30288.8
2023-07-09T00:00:00.000Z,30288.8,30425.5,30071.9,30166.9
2023-07-10T00:00:00.000Z,30166.9,31019.6,29969.1,30415.3
2023-07-11T00:00:00.000Z,30414.2,30782.2,30333.8,30623.3
2023-07-12T00:00:00.000Z,30623.3,30951.3,30231.7,30387.3
2023-07-13T00:00:00.000Z,30387.3,31764.5,30260.0,31466.1
2023-07-14T00:00:00.000Z,31465.4,31602.6,29944.3,30317.4
2023-07-15T00:00:00.000Z,30316.8,30395.4,30246.9,30291.4
2023-07-16T00:00:00.000Z,30291.8,30435.0,30075.4,30235.5
2023-07-17T00:00:00.000Z,30235.5,30335.9,29693.3,30139.7
2023-07-18T00:00:00.000Z,30139.7,30242.4,29624.6,29866.8
2023-07-19T00:00:00.000Z,29866.7,30185.5,29789.3,29909.7
2023-07-20T00:00:00.000Z,29909.7,30408.0,29621.4,29801.0
2023-07-21T00:00:00.000Z,29801.0,30058.9,29739.9,29903.1
2023-07-22T00:00:00.000Z,29904.5,29988.0,29657.3,29788.9
2023-07-23T00:00:00.000Z,29788.9,30337.0,29735.7,30085.9
2023-07-24T00:00:00.000Z,30085.9,30098.2,28890.7,29178.1
2023-07-25T00:00:00.000Z,29178.3,29365.4,29058.7,29228.6
2023-07-26T00:00:00.000Z,29228.8,29681.8,29109.7,29352.2
2023-07-27T00:00:00.000Z,29352.9,29568.8,29094.0,29222.7
2023-07-28T00:00:00.000Z,29222.7,29533.0,29125.1,29315.0
2023-07-29T00:00:00.000Z,29315.0,29400.1,29256.9,29353.5
2023-07-30T00:00:00.000Z,29354.2,29446.6,29054.5,29281.7
2023-07-31T00:00:00.000Z,29282.0,29502.3,29128.3,29232.4
2023-08-01T00:00:00.000Z,29232.3,29712.2,28611.0,29712.2
2023-08-02T00:00:00.000Z,29711.8,30025.9,28961.6,29173.7
2023-08-03T00:00:00.000Z,29180.9,29409.8,28981.0,29189.3
2023-08-04T00:00:00.000Z,29189.1,29319.1,28875.8,29105.5
2023-08-05T00:00:00.000Z,29105.6,29139.3,28983.0,29068.1
2023-08-06T00:00:00.000Z,29067.9,29198.9,28987.4,29081.3
2023-08-07T00:00:00.000Z,29081.3,29270.2,28721.0,29204.2
2023-08-08T00:00:00.000Z,29204.2,30168.6,29137.7,29777.4
2023-08-09T00:00:00.000Z,29771.3,30104.0,29384.2,29578.0
2023-08-10T00:00:00.000Z,29578.0,29719.4,29377.5,29449.0
2023-08-11T00:00:00.000Z,29448.9,29544.9,29271.2,29420.8
2023-08-12T00:00:00.000Z,29420.8,29480.8,29375.4,29428.2
2023-08-13T00:00:00.000Z,29428.2,29468.5,29272.3,29300.1
2023-08-14T00:00:00.000Z,29300.1,29689.0,29116.0,29426.7
2023-08-15T00:00:00.000Z,29426.7,29472.0,29118.6,29195.3
2023-08-16T00:00:00.000Z,29195.3,29251.1,28717.6,28726.3
2023-08-17T00:00:00.000Z,28726.1,28771.8,25489.4,26635.7
2023-08-18T00:00:00.000Z,26635.7,26801.9,25691.0,26053.2
2023-08-19T00:00:00.000Z,26053.3,26262.2,25799.5,26099.4
2023-08-20T00:00:00.000Z,26099.5,26269.1,25998.5,26190.8
2023-08-21T00:00:00.000Z,26190.8,26220.9,25850.8,26126.0
2023-08-22T00:00:00.000Z,26126.8,26138.8,25481.9,26039.9
2023-08-23T00:00:00.000Z,26042.0,26807.7,25812.6,26436.2
2023-08-24T00:00:00.000Z,26436.2,26560.5,25943.6,26177.0
2023-08-25T00:00:00.000Z,26176.1,26265.7,25811.6,26057.2
2023-08-26T00:00:00.000Z,26057.2,26114.1,25993.5,26017.1
2023-08-27T00:00:00.000Z,26017.1,26176.8,25968.7,26100.6
2023-08-28T00:00:00.000Z,26100.6,26215.7,25891.0,26118.9
2023-08-29T00:00:00.000Z,26118.1,28046.0,25919.8,27723.9
2023-08-30T00:00:00.000Z,27723.9,27757.3,27043.2,27298.8
2023-08-31T00:00:00.000Z,27300.6,27464.5,25731.0,25937.3
2023-09-01T00:00:00.000Z,25938.3,26144.9,25361.9,25803.2
2023-09-02T00:00:00.000Z,25803.5,25977.4,25752.7,25869.7
2023-09-03T00:00:00.000Z,25869.7,26090.4,25816.6,25971.0
2023-09-04T00:00:00.000Z,25971.0,26094.2,25660.9,25823.3
2023-09-05T00:00:00.000Z,25824.4,25864.0,25596.3,25790.2
2023-09-06T00:00:00.000Z,25790.1,26018.4,25411.7,25758.0
2023-09-07T00:00:00.000Z,25758.0,26417.7,25626.5,26249.8
2023-09-08T00:00:00.000Z,26248.5,26415.4,25701.6,25909.5
2023-09-09T00:00:00.000Z,25909.5,25938.5,25814.3,25901.1
2023-09-10T00:00:00.000Z,25901.1,25995.1,25626.7,25840.2
2023-09-11T00:00:00.000Z,25840.2,25897.4,24923.1,25166.4
2023-09-12T00:00:00.000Z,25166.4,26472.6,25133.5,25834.5
2023-09-13T00:00:00.000Z,25836.1,26382.3,25766.9,26223.0
2023-09-14T00:00:00.000Z,26223.0,26760.3,26148.6,26524.7
2023-09-15T00:00:00.000Z,26523.3,26837.4,26233.1,26601.0
2023-09-16T00:00:00.000Z,26599.9,26769.0,26463.5,26562.0
2023-09-17T00:00:00.000Z,26562.0,26614.4,26408.7,26529.1
2023-09-18T00:00:00.000Z,26530.3,27413.3,26405.2,26763.5
2023-09-19T00:00:00.000Z,26759.0,27480.7,26672.2,27209.2
2023-09-20T00:00:00.000Z,27209.2,27378.6,26851.8,27125.0
2023-09-21T00:00:00.000Z,27125.2,27155.6,26382.3,26570.0
2023-09-22T00:00:00.000Z,26569.5,26736.4,26488.5,26581.9
2023-09-23T00:00:00.000Z,26581.7,26636.2,26517.5,26579.2
2023-09-24T00:00:00.000Z,26579.0,26727.6,26162.2,26251.5
2023-09-25T00:00:00.000Z,26251.6,26423.6,26013.6,26302.7
2023-09-26T00:00:00.000Z,26303.1,26396.2,26093.4,26218.9
2023-09-27T00:00:00.000Z,26218.9,26836.9,26109.1,26366.1
2023-09-28T00:00:00.000Z,26368.2,27283.6,26339.4,27022.6
2023-09-29T00:00:00.000Z,27022.6,27229.5,26728.8,26909.8
2023-09-30T00:00:00.000Z,26908.1,27085.7,26887.5,26962.7
2023-10-01T00:00:00.000Z,26962.5,28038.4,26955.7,27974.5
2023-10-02T00:00:00.000Z,27974.6,28556.6,27325.2,27505.3
2023-10-03T00:00:00.000Z,27501.6,27670.8,27194.1,27428.4
2023-10-04T00:00:00.000Z,27428.7,27832.7,27242.5,27790.9
2023-10-05T00:00:00.000Z,27783.5,28089.1,27371.7,27410.3
2023-10-06T00:00:00.000Z,27410.3,28223.6,27195.7,27936.9
2023-10-07T00:00:00.000Z,27935.5,28021.3,27859.0,27961.1
2023-10-08T00:00:00.000Z,27961.1,28097.5,27714.4,27922.7
2023-10-09T00:00:00.000Z,27922.7,27986.4,27279.5,27581.4
2023-10-10T00:00:00.000Z,27581.5,27728.1,27300.1,27391.0
2023-10-11T00:00:00.000Z,27391.9,27475.9,26558.4,26876.6
2023-10-12T00:00:00.000Z,26878.2,26942.8,26565.3,26761.1
2023-10-13T00:00:00.000Z,26761.1,27114.8,26682.9,26863.5
2023-10-14T00:00:00.000Z,26863.5,26975.7,26805.1,26852.8
2023-10-15T00:00:00.000Z,26852.8,27286.9,26812.6,27161.2
2023-10-16T00:00:00.000Z,27161.2,29969.5,27119.7,28509.7
2023-10-17T00:00:00.000Z,28508.3,28608.5,28096.9,28403.6
2023-10-18T00:00:00.000Z,28405.2,28876.0,28169.0,28321.7
2023-10-19T00:00:00.000Z,28321.8,28883.8,28170.2,28723.0
2023-10-20T00:00:00.000Z,28724.0,30165.9,28586.1,29674.5
2023-10-21T00:00:00.000Z,29674.7,30264.8,29469.1,29912.9
2023-10-22T00:00:00.000Z,29912.7,30193.4,29713.6,29984.2
2023-10-23T00:00:00.000Z,29984.2,34375.6,29891.4,33041.8
2023-10-24T00:00:00.000Z,33037.3,35191.4,32866.5,33917.0
2023-10-25T00:00:00.000Z,33917.0,35123.9,33713.4,34496.8
2023-10-26T00:00:00.000Z,34497.6,34826.0,33749.9,34153.7
2023-10-27T00:00:00.000Z,34153.7,34245.8,33423.6,33901.8
2023-10-28T00:00:00.000Z,33901.6,34387.8,33867.3,34082.6
2023-10-29T00:00:00.000Z,34082.6,34737.9,33937.6,34526.7
2023-10-30T00:00:00.000Z,34526.7,34853.3,34089.5,34477.9
2023-10-31T00:00:00.000Z,34478.9,34704.6,34053.9,34650.6
2023-11-01T00:00:00.000Z,34648.3,35557.5,34138.7,35423.8
2023-11-02T00:00:00.000Z,35423.8,35907.6,34357.4,34931.4
2023-11-03T00:00:00.000Z,34931.4,34940.6,34124.2,34718.7
2023-11-04T00:00:00.000Z,34718.6,35242.2,34601.1,35065.8
2023-11-05T00:00:00.000Z,35065.8,35360.2,34550.0,35019.4
2023-11-06T00:00:00.000Z,35020.3,35275.6,34742.9,35042.0
2023-11-07T00:00:00.000Z,35042.1,35877.9,34536.9,35426.1
2023-11-08T00:00:00.000Z,35426.2,36050.2,35148.8,35636.9
2023-11-09T00:00:00.000Z,35636.9,37942.0,35578.1,36700.5
2023-11-10T00:00:00.000Z,36700.5,37496.1,36347.2,37303.0
2023-11-11T00:00:00.000Z,37306.3,37401.3,36767.6,37150.5
2023-11-12T00:00:00.000Z,37149.0,37215.3,36761.9,37064.4
2023-11-13T00:00:00.000Z,37067.8,37404.6,36358.4,36478.3
2023-11-14T00:00:00.000Z,36478.3,36744.5,34984.3,35549.3
2023-11-15T00:00:00.000Z,35549.3,37954.1,35379.6,37874.9
2023-11-16T00:00:00.000Z,37873.9,37907.6,35561.6,36161.2
2023-11-17T00:00:00.000Z,36161.8,36690.6,35875.2,36595.4
2023-11-18T00:00:00.000Z,36617.5,36845.2,36220.6,36568.6
2023-11-19T00:00:00.000Z,36568.6,37504.6,36393.3,37354.2
2023-11-20T00:00:00.000Z,37356.6,37735.6,36857.6,37454.1
2023-11-21T00:00:00.000Z,37452.7,37631.2,35799.2,35813.6
2023-11-22T00:00:00.000Z,35797.5,37862.5,35695.6,37410.8
2023-11-23T00:00:00.000Z,37410.8,37642.5,36915.3,37293.1
2023-11-24T00:00:00.000Z,37295.0,38400.8,37257.4,37717.3
2023-11-25T00:00:00.000Z,37718.6,37887.4,37599.9,37787.0
2023-11-26T00:00:00.000Z,37786.4,37819.1,37166.3,37451.8
2023-11-27T00:00:00.000Z,37451.8,37563.3,36751.5,37248.6
2023-11-28T00:00:00.000Z,37244.3,38379.4,36881.1,37823.3
2023-11-29T00:00:00.000Z,37823.3,38362.9,37607.6,37855.5
2023-11-30T00:00:00.000Z,37857.6,38144.4,37509.2,37712.9
2023-12-01T00:00:00.000Z,37712.9,38950.8,37618.3,38688.2
2023-12-02T00:00:00.000Z,38688.2,39673.4,38646.5,39458.4
2023-12-03T00:00:00.000Z,39456.8,40178.9,39280.3,39970.2
2023-12-04T00:00:00.000Z,39968.6,42394.4,39968.6,41987.8
2023-12-05T00:00:00.000Z,41989.6,44424.1,41424.9,44076.2
2023-12-06T00:00:00.000Z,44076.2,44283.7,43466.7,43776.3
2023-12-07T00:00:00.000Z,43774.4,44046.4,42860.5,43289.7
2023-12-08T00:00:00.000Z,43288.3,44697.6,43108.4,44175.5
2023-12-09T00:00:00.000Z,44175.5,44361.2,43617.4,43718.4
2023-12-10T00:00:00.000Z,43716.6,44045.4,43576.8,43791.0
2023-12-11T00:00:00.000Z,43791.0,43806.3,40277.1,41256.1
2023-12-12T00:00:00.000Z,41256.1,42070.9,40691.5,41487.0
2023-12-13T00:00:00.000Z,41487.0,43417.5,40649.3,42884.5
2023-12-14T00:00:00.000Z,42886.3,43392.7,41591.2,43025.9
2023-12-15T00:00:00.000Z,43025.2,43080.7,41697.9,41929.0
2023-12-16T00:00:00.000Z,41929.0,42690.3,41698.2,42271.7
2023-12-17T00:00:00.000Z,42271.7,42413.2,41276.9,41368.7
2023-12-18T00:00:00.000Z,41369.1,42728.0,40554.0,42659.7
2023-12-19T00:00:00.000Z,42659.7,43473.3,41842.7,42259.3
2023-12-20T00:00:00.000Z,42259.5,44278.7,42217.2,43662.8
2023-12-21T00:00:00.000Z,43660.3,44241.8,43310.2,43865.9
2023-12-22T00:00:00.000Z,43865.9,44394.6,43419.3,43968.9
2023-12-23T00:00:00.000Z,43968.9,43994.6,43325.7,43710.4
2023-12-24T00:00:00.000Z,43710.4,43935.7,42748.5,42981.5
2023-12-25T00:00:00.000Z,42982.0,43792.7,42745.3,43578.5
2023-12-26T00:00:00.000Z,43579.9,43594.9,41796.6,42513.3
2023-12-27T00:00:00.000Z,42514.3,43676.7,42115.3,43446.5
2023-12-28T00:00:00.000Z,43446.5,43782.6,42309.3,42581.1
2023-12-29T00:00:00.000Z,42581.1,43108.0,41459.0,42072.4
2023-12-30T00:00:00.000Z,42074.7,42592.2,41527.3,42136.7
2023-12-31T00:00:00.000Z,42141.6,42878.8,41971.4,42272.5
2024-01-01T00:00:00.000Z,42272.5,44187.0,42196.7,44183.4
2024-01-02T00:00:00.000Z,44182.9,45885.4,44166.0,44943.7
2024-01-03T00:00:00.000Z,44943.7,45492.7,40888.3,42836.1
2024-01-04T00:00:00.000Z,42836.1,44744.5,42632.8,44157.0
2024-01-05T00:00:00.000Z,44163.0,44312.1,42629.0,44156.9
2024-01-06T00:00:00.000Z,44156.6,44203.2,43424.0,43967.9
2024-01-07T00:00:00.000Z,43973.5,44481.2,43627.9,43927.3
2024-01-08T00:00:00.000Z,43934.2,47196.7,43251.0,46962.2
2024-01-09T00:00:00.000Z,46959.2,47880.1,45333.9,46129.0
2024-01-10T00:00:00.000Z,46112.0,47654.3,44403.6,46629.3
2024-01-11T00:00:00.000Z,46629.3,48923.7,45651.8,46348.2
2024-01-12T00:00:00.000Z,46348.1,46503.2,41857.9,42835.9
2024-01-13T00:00:00.000Z,42836.7,43248.6,42443.3,42851.3
2024-01-14T00:00:00.000Z,42851.3,43069.4,41739.6,41746.1
2024-01-15T00:00:00.000Z,41747.6,43348.9,41719.2,42510.7
2024-01-16T00:00:00.000Z,42515.2,43563.7,42093.1,43145.5
2024-01-17T00:00:00.000Z,43139.1,43192.3,42211.8,42768.7
2024-01-18T00:00:00.000Z,42763.5,42908.0,40682.6,41292.7
2024-01-19T00:00:00.000Z,41293.8,42164.6,40305.4,41648.0
2024-01-20T00:00:00.000Z,41647.6,41858.0,41449.5,41695.4
2024-01-21T00:00:00.000Z,41695.4,41878.0,41504.5,41583.2
2024-01-22T00:00:00.000Z,41581.7,41684.9,39468.4,39556.4
2024-01-23T00:00:00.000Z,39555.0,40159.4,38546.9,39888.8
2024-01-24T00:00:00.000Z,39891.3,40535.2,39510.0,40086.0
2024-01-25T00:00:00.000Z,40085.1,40285.8,39546.3,39935.7
2024-01-26T00:00:00.000Z,39942.0,42214.8,39831.2,41811.3
2024-01-27T00:00:00.000Z,41811.5,42191.8,41413.0,42120.9
2024-01-28T00:00:00.000Z,42121.3,42817.1,41649.0,42030.7
2024-01-29T00:00:00.000Z,42031.4,43305.6,41824.7,43299.8
2024-01-30T00:00:00.000Z,43303.3,43817.9,42702.9,42946.2
2024-01-31T00:00:00.000Z,42946.2,43739.7,42315.4,42580.5
2024-02-01T00:00:00.000Z,42580.1,43263.1,41890.5,43081.4
2024-02-02T00:00:00.000Z,43083.7,43459.3,42596.3,43194.7
2024-02-03T00:00:00.000Z,43194.7,43370.4,42882.0,43005.7
2024-02-04T00:00:00.000Z,43006.2,43113.2,42379.4,42581.4
2024-02-05T00:00:00.000Z,42581.4,43532.2,42272.5,42697.2
2024-02-06T00:00:00.000Z,42697.6,43375.5,42566.8,43087.7
2024-02-07T00:00:00.000Z,43088.4,44367.9,42783.5,44339.8
2024-02-08T00:00:00.000Z,44346.2,45579.2,44336.4,45293.3
2024-02-09T00:00:00.000Z,45293.3,48118.8,45254.2,47127.5
2024-02-10T00:00:00.000Z,47128.0,48149.0,46875.0,47758.2
2024-02-11T00:00:00.000Z,47759.3,48531.6,47590.2,48277.3
2024-02-12T00:00:00.000Z,48280.2,50277.3,47729.9,49941.3
2024-02-13T00:00:00.000Z,49941.0,50326.6,48398.3,49716.0
2024-02-14T00:00:00.000Z,49708.6,52010.7,49263.8,51782.4
2024-02-15T00:00:00.000Z,51805.2,52819.4,51327.5,51901.3
2024-02-16T00:00:00.000Z,51901.4,52556.7,51612.6,52134.2
2024-02-17T00:00:00.000Z,52134.2,52175.5,50652.3,51646.0
2024-02-18T00:00:00.000Z,51646.0,52350.3,51199.6,52117.5
2024-02-19T00:00:00.000Z,52119.6,52484.8,51694.2,51783.6
2024-02-20T00:00:00.000Z,51783.1,52936.8,50801.8,52263.5
2024-02-21T00:00:00.000Z,52263.5,52367.3,50676.9,51858.2
2024-02-22T00:00:00.000Z,51850.2,52015.8,50947.3,51320.4
2024-02-23T00:00:00.000Z,51320.6,51532.5,50537.6,50740.5
2024-02-24T00:00:00.000Z,50739.6,51689.9,50592.0,51571.6
2024-02-25T00:00:00.000Z,51572.1,51952.0,51299.0,51722.7
2024-02-26T00:00:00.000Z,51722.7,54899.1,50925.2,54495.1
2024-02-27T00:00:00.000Z,54491.1,57555.2,54464.0,57056.2
2024-02-28T00:00:00.000Z,57048.7,63915.3,56704.9,62467.6
2024-02-29T00:00:00.000Z,62467.1,63653.4,60512.5,61169.3
2024-03-01T00:00:00.000Z,61157.3,63147.3,60790.9,62397.7
2024-03-02T00:00:00.000Z,62397.7,62446.3,61621.9,61994.5
2024-03-03T00:00:00.000Z,61955.6,63227.3,61399.4,63135.8
2024-03-04T00:00:00.000Z,63135.8,68495.1,62746.8,68270.1
2024-03-05T00:00:00.000Z,68273.1,69063.1,60138.2,63792.6
2024-03-06T00:00:00.000Z,63794.7,67604.9,62848.7,66080.4
2024-03-07T00:00:00.000Z,66074.6,67985.5,65602.6,66855.3
2024-03-08T00:00:00.000Z,66854.4,69904.0,66170.7,68172.0
2024-03-09T00:00:00.000Z,68178.5,68576.9,67923.9,68366.5
2024-03-10T00:00:00.000Z,68360.7,69905.3,68165.0,68964.8
2024-03-11T00:00:00.000Z,68964.7,72771.5,67452.8,72099.1
2024-03-12T00:00:00.000Z,72099.1,72916.7,68845.6,71470.2
2024-03-13T00:00:00.000Z,71461.9,73623.5,71338.4,73066.3
2024-03-14T00:00:00.000Z,73066.7,73740.9,68717.2,71387.5
2024-03-15T00:00:00.000Z,71387.1,72398.1,65765.6,69463.7
2024-03-16T00:00:00.000Z,69456.5,70037.0,64971.0,65314.2
2024-03-17T00:00:00.000Z,65314.2,68857.7,64605.5,68391.2
2024-03-18T00:00:00.000Z,68389.7,68920.1,66601.4,67594.1
2024-03-19T00:00:00.000Z,67594.1,68099.6,61560.6,62050.0
2024-03-20T00:00:00.000Z,62046.8,68029.5,60850.9,67854.0
2024-03-21T00:00:00.000Z,67860.0,68161.7,64616.1,65503.8
2024-03-22T00:00:00.000Z,65501.5,66633.3,62328.3,63785.5
2024-03-23T00:00:00.000Z,63785.6,65972.4,63074.9,64037.8
2024-03-24T00:00:00.000Z,64036.5,67587.8,63812.9,67211.9
2024-03-25T00:00:00.000Z,67216.4,71118.8,66395.0,69892.0
2024-03-26T00:00:00.000Z,69896.3,71490.7,69366.4,69999.3
2024-03-27T00:00:00.000Z,69999.2,71670.8,68428.6,69442.4
2024-03-28T00:00:00.000Z,69449.4,71542.5,68956.9,70762.1
2024-03-29T00:00:00.000Z,70766.7,70907.0,69090.9,69871.7
2024-03-30T00:00:00.000Z,69872.3,70321.2,69564.9,69611.5
2024-03-31T00:00:00.000Z,69608.5,71367.5,69576.6,71332.0
2024-04-01T00:00:00.000Z,71329.3,71329.3,68175.9,69664.4
2024-04-02T00:00:00.000Z,69662.7,69673.0,64628.4,65439.2
2024-04-03T00:00:00.000Z,65443.6,66844.8,64559.0,65963.0
2024-04-04T00:00:00.000Z,65968.4,69238.8,65096.3,68496.5
2024-04-05T00:00:00.000Z,68498.7,68692.2,66023.3,67830.6
2024-04-06T00:00:00.000Z,67830.5,69632.0,67467.2,68890.6
2024-04-07T00:00:00.000Z,68897.3,70285.8,68849.4,69360.4
2024-04-08T00:00:00.000Z,69358.0,72710.8,69110.5,71630.1
2024-04-09T00:00:00.000Z,71627.3,71737.2,68264.6,69148.0
2024-04-10T00:00:00.000Z,69147.8,71086.9,67570.0,70622.1
2024-04-11T00:00:00.000Z,70620.4,71249.2,69586.1,70011.6
2024-04-12T00:00:00.000Z,70014.9,71226.9,65829.3,67151.9
2024-04-13T00:00:00.000Z,67137.4,67921.0,61065.5,63849.9
2024-04-14T00:00:00.000Z,63909.5,65758.2,62174.7,65697.4
2024-04-15T00:00:00.000Z,65696.6,66805.1,62379.5,63411.9
2024-04-16T00:00:00.000Z,63416.1,64274.4,61715.6,63805.3
2024-04-17T00:00:00.000Z,63802.3,64451.5,59820.8,61278.9
2024-04-18T00:00:00.000Z,61278.9,64092.4,60822.3,63481.4
2024-04-19T00:00:00.000Z,63480.5,65441.2,59693.3,63799.1
2024-04-20T00:00:00.000Z,63817.6,65375.6,63131.7,64961.1
2024-04-21T00:00:00.000Z,64942.1,65680.6,64267.5,64940.2
2024-04-22T00:00:00.000Z,64940.1,67208.0,64527.5,66829.3
2024-04-23T00:00:00.000Z,66829.5,67180.0,65848.3,66415.0
2024-04-24T00:00:00.000Z,66414.9,67060.5,63606.9,64285.7
2024-04-25T00:00:00.000Z,64287.1,65247.5,62889.2,64497.1
2024-04-26T00:00:00.000Z,64497.1,64771.3,63354.9,63766.4
2024-04-27T00:00:00.000Z,63765.8,63916.7,62507.7,63456.8
2024-04-28T00:00:00.000Z,63457.9,64346.1,62827.8,63109.7
2024-04-29T00:00:00.000Z,63113.7,64193.1,61837.2,63860.1
2024-04-30T00:00:00.000Z,63852.4,64700.2,59228.7,60666.6
2024-05-01T00:00:00.000Z,60665.0,60827.5,56643.5,58331.2
2024-05-02T00:00:00.000Z,58334.9,59548.0,56989.8,59121.3
2024-05-03T00:00:00.000Z,59104.3,63298.4,58830.8,62877.5
2024-05-04T00:00:00.000Z,62887.1,64466.0,62599.1,63888.3
2024-05-05T00:00:00.000Z,63897.7,64587.2,62923.9,64006.4
2024-05-06T00:00:00.000Z,64005.8,65448.8,62730.7,63163.1
2024-05-07T00:00:00.000Z,63163.1,64361.0,62294.1,62317.7
2024-05-08T00:00:00.000Z,62304.9,62997.4,60894.2,61207.5
2024-05-09T00:00:00.000Z,61207.3,63413.3,60671.4,63075.0
2024-05-10T00:00:00.000Z,63074.3,63454.3,60251.8,60796.9
2024-05-11T00:00:00.000Z,60796.8,61487.5,60499.3,60826.6
2024-05-12T00:00:00.000Z,60826.6,61847.7,60647.1,61480.0
2024-05-13T00:00:00.000Z,61480.5,63443.2,60779.0,62937.2
2024-05-14T00:00:00.000Z,62936.8,63102.6,61156.9,61569.4
2024-05-15T00:00:00.000Z,61569.4,66417.1,61357.5,66225.1
2024-05-16T00:00:00.000Z,66219.6,66643.9,64623.3,65231.0
2024-05-17T00:00:00.000Z,65231.1,67420.7,65121.7,67036.8
2024-05-18T00:00:00.000Z,67036.6,67361.4,66636.1,66917.5
2024-05-19T00:00:00.000Z,66919.0,67662.5,65937.3,66279.1
2024-05-20T00:00:00.000Z,66278.3,71482.8,66076.5,71422.7
2024-05-21T00:00:00.000Z,71430.5,71872.0,69181.7,70139.9
2024-05-22T00:00:00.000Z,70141.0,70593.4,69024.3,69155.4
2024-05-23T00:00:00.000Z,69166.3,70041.0,66578.1,67975.7
2024-05-24T00:00:00.000Z,67971.1,69212.0,66685.8,68547.6
2024-05-25T00:00:00.000Z,68548.2,69558.8,68516.1,69284.4
2024-05-26T00:00:00.000Z,69287.2,69494.0,68294.5,68514.8
2024-05-27T00:00:00.000Z,68514.6,70638.3,68275.2,69428.7
2024-05-28T00:00:00.000Z,69428.3,69560.7,67299.9,68366.0
2024-05-29T00:00:00.000Z,68366.2,68897.6,67143.2,67635.8
2024-05-30T00:00:00.000Z,67631.3,69504.7,67138.4,68354.7
2024-05-31T00:00:00.000Z,68352.3,69018.2,66676.8,67530.1
2024-06-01T00:00:00.000Z,67533.9,67861.0,67449.6,67760.8
2024-06-02T00:00:00.000Z,67760.8,68447.5,67330.6,67773.5
2024-06-03T00:00:00.000Z,67763.3,70131.0,67616.8,68807.8
2024-06-04T00:00:00.000Z,68808.0,71034.2,68564.3,70549.2
2024-06-05T00:00:00.000Z,70550.9,71744.4,70397.1,71083.7
2024-06-06T00:00:00.000Z,71083.6,71616.1,70178.7,70791.5
2024-06-07T00:00:00.000Z,70793.4,71956.5,68620.7,69347.9
2024-06-08T00:00:00.000Z,69347.0,69572.1,69222.4,69310.1
2024-06-09T00:00:00.000Z,69310.5,69847.8,69136.7,69650.6
2024-06-10T00:00:00.000Z,69650.2,70152.5,69259.9,69538.2
2024-06-11T00:00:00.000Z,69537.9,69573.3,66197.8,67319.8
2024-06-12T00:00:00.000Z,67320.9,69990.8,66911.5,68260.1
2024-06-13T00:00:00.000Z,68260.6,68384.6,66324.3,66773.1
2024-06-14T00:00:00.000Z,66775.2,67347.7,65076.5,66034.8
2024-06-15T00:00:00.000Z,66034.1,66446.4,65895.1,66223.0
2024-06-16T00:00:00.000Z,66223.0,66951.4,66038.1,66674.7
2024-06-17T00:00:00.000Z,66672.9,67253.8,65115.4,66498.8
2024-06-18T00:00:00.000Z,66495.7,66571.2,64098.4,65159.9
2024-06-19T00:00:00.000Z,65159.8,65706.4,64705.6,64980.9
2024-06-20T00:00:00.000Z,64982.1,66474.2,64566.7,64854.3
2024-06-21T00:00:00.000Z,64854.3,65054.9,63427.9,64128.5
2024-06-22T00:00:00.000Z,64131.9,64523.9,63944.0,64261.0
2024-06-23T00:00:00.000Z,64261.0,64518.9,63195.3,63196.2
2024-06-24T00:00:00.000Z,63201.6,63357.1,58589.9,60292.7
2024-06-25T00:00:00.000Z,60292.0,62266.0,60262.2,61809.4
2024-06-26T00:00:00.000Z,61809.9,62469.4,60715.1,60849.4
2024-06-27T00:00:00.000Z,60848.3,62351.2,60629.4,61685.3
2024-06-28T00:00:00.000Z,61684.6,62175.4,60081.9,60403.3
2024-06-29T00:00:00.000Z,60403.7,61192.8,60382.8,60973.4
2024-06-30T00:00:00.000Z,60973.1,63006.6,60703.7,62754.3
2024-07-01T00:00:00.000Z,62768.8,63842.1,62558.0,62890.1
2024-07-02T00:00:00.000Z,62888.3,63257.0,61797.6,62103.3
2024-07-03T00:00:00.000Z,62104.9,62263.6,59466.6,60199.3
2024-07-04T00:00:00.000Z,60201.4,60463.0,56812.7,57026.3
2024-07-05T00:00:00.000Z,57025.7,57471.1,53883.4,56641.8
2024-07-06T00:00:00.000Z,56640.0,58462.0,56026.8,58259.2
2024-07-07T00:00:00.000Z,58240.2,58394.6,55756.3,55861.1
2024-07-08T00:00:00.000Z,55850.2,58115.8,54320.0,56724.7
2024-07-09T00:00:00.000Z,56721.3,58234.0,56306.3,58039.4
2024-07-10T00:00:00.000Z,58040.2,59393.8,57185.3,57746.7
2024-07-11T00:00:00.000Z,57745.9,59404.4,57095.0,57337.3
2024-07-12T00:00:00.000Z,57338.3,58520.9,56575.7,57885.1
2024-07-13T00:00:00.000Z,57897.4,59826.5,57770.6,59209.8
2024-07-14T00:00:00.000Z,59207.9,61326.9,59207.9,60794.9
2024-07-15T00:00:00.000Z,60794.7,64869.5,60678.8,64782.4
2024-07-16T00:00:00.000Z,64749.2,65319.5,62430.8,65049.7
2024-07-17T00:00:00.000Z,65052.8,66051.5,63897.5,64089.2
2024-07-18T00:00:00.000Z,64090.4,65102.0,63253.5,63980.5
2024-07-19T00:00:00.000Z,63981.2,67390.4,63326.1,66677.4
2024-07-20T00:00:00.000Z,66677.0,67586.4,66257.4,67148.5
2024-07-21T00:00:00.000Z,67147.8,68352.9,65825.6,68158.7
2024-07-22T00:00:00.000Z,68158.4,68468.9,66601.8,67553.6
2024-07-23T00:00:00.000Z,67550.4,67750.2,65512.9,65937.8
2024-07-24T00:00:00.000Z,65936.8,67072.1,65155.2,65370.5
2024-07-25T00:00:00.000Z,65363.9,66088.6,63500.9,65799.3
2024-07-26T00:00:00.000Z,65799.7,68205.0,65764.3,67908.6
2024-07-27T00:00:00.000Z,67910.8,69387.6,66776.8,67843.1
2024-07-28T00:00:00.000Z,67888.9,68291.9,67067.8,68256.3
2024-07-29T00:00:00.000Z,68256.3,70000.2,66544.5,66798.7
2024-07-30T00:00:00.000Z,66796.1,66998.3,65328.7,66184.9
2024-07-31T00:00:00.000Z,66185.4,66825.6,64538.3,64626.0
2024-08-01T00:00:00.000Z,64625.7,65587.9,62303.9,65372.9
2024-08-02T00:00:00.000Z,65351.8,65567.1,61242.3,61478.7
2024-08-03T00:00:00.000Z,61480.8,62184.2,59914.6,60696.7
2024-08-04T00:00:00.000Z,60700.2,61086.5,57346.9,58141.8
2024-08-05T00:00:00.000Z,58142.9,58291.4,49486.9,53979.0
2024-08-06T00:00:00.000Z,54010.8,57025.6,53998.2,56057.8
2024-08-07T00:00:00.000Z,56049.9,57669.6,54598.5,55120.9
2024-08-08T00:00:00.000Z,55112.8,62563.5,54786.9,61699.7
2024-08-09T00:00:00.000Z,61697.8,61712.3,59570.2,60850.6
2024-08-10T00:00:00.000Z,60844.5,61344.5,60264.2,60931.7
2024-08-11T00:00:00.000Z,60929.8,61677.3,58388.7,58713.3
2024-08-12T00:00:00.000Z,58711.7,60606.2,57689.0,59350.0
2024-08-13T00:00:00.000Z,59350.2,61537.0,58492.4,60595.2
2024-08-14T00:00:00.000Z,60594.6,61543.0,58491.2,58707.8
2024-08-15T00:00:00.000Z,58710.1,59831.4,56275.7,57534.6
2024-08-16T00:00:00.000Z,57545.1,59817.3,57129.1,58877.2
2024-08-17T00:00:00.000Z,58877.8,59659.5,58825.5,59483.1
2024-08-18T00:00:00.000Z,59485.4,60216.3,58436.1,58446.3
2024-08-19T00:00:00.000Z,58445.8,59598.5,57872.0,59470.9
2024-08-20T00:00:00.000Z,59470.3,61331.6,58612.0,59005.8
2024-08-21T00:00:00.000Z,59010.0,61812.0,58831.1,61158.1
2024-08-22T00:00:00.000Z,61158.3,61399.7,59815.8,60372.2
2024-08-23T00:00:00.000Z,60374.7,64830.1,60354.4,64053.1
2024-08-24T00:00:00.000Z,64061.7,64458.9,63579.5,64159.3
2024-08-25T00:00:00.000Z,64160.7,64939.2,63796.6,64273.2
2024-08-26T00:00:00.000Z,64240.7,64472.5,62841.1,62846.2
2024-08-27T00:00:00.000Z,62832.2,63201.4,58187.3,59450.9
2024-08-28T00:00:00.000Z,59425.6,60198.4,57912.1,59016.0
2024-08-29T00:00:00.000Z,59027.3,61150.6,58807.1,59373.5
2024-08-30T00:00:00.000Z,59371.7,59817.6,57874.7,59119.7
2024-08-31T00:00:00.000Z,59120.4,59447.0,58761.1,58978.6
2024-09-01T00:00:00.000Z,58975.7,59058.7,57232.4,57315.7
2024-09-02T00:00:00.000Z,57309.0,59416.6,57185.8,59134.0
2024-09-03T00:00:00.000Z,59133.7,59799.7,57436.9,57479.8
2024-09-04T00:00:00.000Z,57490.4,58508.8,55732.1,57973.4
2024-09-05T00:00:00.000Z,57970.7,58318.9,55744.6,56183.2
2024-09-06T00:00:00.000Z,56179.7,56969.1,52644.6,53966.8
2024-09-07T00:00:00.000Z,53965.0,54819.2,53754.3,54156.5
2024-09-08T00:00:00.000Z,54161.4,55292.7,53642.4,54861.3
2024-09-09T00:00:00.000Z,54868.0,57956.7,54595.4,57049.6
2024-09-10T00:00:00.000Z,57045.6,58019.9,56415.3,57635.0
2024-09-11T00:00:00.000Z,57638.0,57975.9,55576.6,57338.7
2024-09-12T00:00:00.000Z,57335.5,58484.1,57329.6,58134.5
2024-09-13T00:00:00.000Z,58134.4,60625.4,57656.8,60511.6
2024-09-14T00:00:00.000Z,60514.8,60609.4,59494.3,59995.4
2024-09-15T00:00:00.000Z,59995.6,60377.6,58717.9,59138.5
2024-09-16T00:00:00.000Z,59126.2,59204.3,57527.8,58213.1
2024-09-17T00:00:00.000Z,58213.1,61309.0,57630.2,60309.1
2024-09-18T00:00:00.000Z,60308.5,61757.6,59210.7,61757.6
2024-09-19T00:00:00.000Z,61754.8,63849.6,61596.5,62938.6
2024-09-20T00:00:00.000Z,62942.4,64085.1,62367.1,63201.2
2024-09-21T00:00:00.000Z,63201.2,63526.3,62778.6,63348.1
2024-09-22T00:00:00.000Z,63351.2,63998.2,62394.6,63572.7
2024-09-23T00:00:00.000Z,63575.4,64723.4,62650.0,63331.8
2024-09-24T00:00:00.000Z,63335.9,64664.1,62740.8,64256.8
2024-09-25T00:00:00.000Z,64262.9,64788.4,62952.8,63156.5
2024-09-26T00:00:00.000Z,63157.2,65770.9,62693.3,65175.7
2024-09-27T00:00:00.000Z,65168.8,66440.7,64839.2,65776.3
2024-09-28T00:00:00.000Z,65775.6,66232.5,65438.1,65866.5
2024-09-29T00:00:00.000Z,65862.8,66065.7,65436.8,65607.1
2024-09-30T00:00:00.000Z,65607.0,65607.0,62901.1,63339.2
2024-10-01T00:00:00.000Z,63329.9,64125.3,60195.9,60835.5
2024-10-02T00:00:00.000Z,60834.2,62339.8,60002.7,60645.7
2024-10-03T00:00:00.000Z,60642.0,61468.9,59904.4,60751.2
2024-10-04T00:00:00.000Z,60751.4,62471.7,60469.3,62081.0
2024-10-05T00:00:00.000Z,62085.5,62366.8,61705.7,62061.4
2024-10-06T00:00:00.000Z,62062.0,62934.5,61495.4,62819.4
2024-10-07T00:00:00.000Z,62819.8,64449.3,62175.8,62245.6
2024-10-08T00:00:00.000Z,62226.9,63196.6,61883.2,62157.0
2024-10-09T00:00:00.000Z,62157.0,62537.0,60355.5,60628.8
2024-10-10T00:00:00.000Z,60628.9,61304.6,59075.7,60316.2
2024-10-11T00:00:00.000Z,60317.5,63385.1,60080.6,62499.4
2024-10-12T00:00:00.000Z,62506.6,63463.1,62486.1,63205.1
2024-10-13T00:00:00.000Z,63205.4,63284.6,62054.2,62870.9
2024-10-14T00:00:00.000Z,62870.7,66476.6,62463.7,66081.7
2024-10-15T00:00:00.000Z,66084.1,67821.9,64850.6,67077.5
2024-10-16T00:00:00.000Z,67075.1,68389.4,66766.6,67617.9
2024-10-17T00:00:00.000Z,67618.1,67933.5,66677.3,67418.4
2024-10-18T00:00:00.000Z,67416.5,68990.3,67190.9,68423.1
2024-10-19T00:00:00.000Z,68426.4,68688.8,68025.5,68372.0
2024-10-20T00:00:00.000Z,68373.3,69386.4,67443.9,69030.5
2024-10-21T00:00:00.000Z,69030.5,69490.8,66845.5,67371.3
2024-10-22T00:00:00.000Z,67370.8,67815.3,66609.4,67427.3
2024-10-23T00:00:00.000Z,67428.6,67441.1,65246.7,66663.7
2024-10-24T00:00:00.000Z,66659.2,68831.8,66510.6,68191.5
2024-10-25T00:00:00.000Z,68191.9,68756.8,65644.2,66696.8
2024-10-26T00:00:00.000Z,66694.5,67408.4,66443.8,67086.8
2024-10-27T00:00:00.000Z,67084.7,68308.0,66924.6,68004.6
2024-10-28T00:00:00.000Z,68011.9,70203.4,67610.0,69954.1
2024-10-29T00:00:00.000Z,69957.2,73569.4,69753.2,72730.4
2024-10-30T00:00:00.000Z,72732.5,72907.4,71460.0,72347.8
2024-10-31T00:00:00.000Z,72343.7,72685.7,69674.5,70281.8
2024-11-01T00:00:00.000Z,70278.7,71598.4,68846.0,69507.2
2024-11-02T00:00:00.000Z,69499.3,69896.9,69029.0,69325.8
2024-11-03T00:00:00.000Z,69334.8,69383.6,67514.2,68769.6
2024-11-04T00:00:00.000Z,68770.3,69483.4,66834.0,67848.8
2024-11-05T00:00:00.000Z,67848.3,70495.6,67473.6,69373.7
2024-11-06T00:00:00.000Z,69374.1,76401.4,69323.0,75586.3
2024-11-07T00:00:00.000Z,75585.5,76837.8,74448.2,75868.6
2024-11-08T00:00:00.000Z,75869.8,77188.5,75599.0,76517.3
2024-11-09T00:00:00.000Z,76506.1,76904.0,75732.5,76700.3
2024-11-10T00:00:00.000Z,76681.4,81373.5,76520.5,80388.5
2024-11-11T00:00:00.000Z,80389.0,89519.0,80231.8,88664.1
2024-11-12T00:00:00.000Z,88665.0,89929.6,85122.2,87941.3
2024-11-13T00:00:00.000Z,87971.2,93226.6,86168.4,90422.2
2024-11-14T00:00:00.000Z,90424.8,91726.7,86740.2,87294.0
2024-11-15T00:00:00.000Z,87297.2,91833.1,87118.8,91046.5
2024-11-16T00:00:00.000Z,91035.3,91748.9,90079.0,90539.1
2024-11-17T00:00:00.000Z,90569.4,91441.6,88736.1,89833.7
2024-11-18T00:00:00.000Z,89843.3,92567.1,89410.4,90478.7
2024-11-19T00:00:00.000Z,90482.1,93918.5,90378.7,92239.2
2024-11-20T00:00:00.000Z,92252.6,94836.1,91517.4,94303.9
2024-11-21T00:00:00.000Z,94308.7,98937.2,94063.8,98374.5
2024-11-22T00:00:00.000Z,98381.2,99617.4,97182.2,98929.7
2024-11-23T00:00:00.000Z,98927.2,98927.2,97180.9,97699.0
2024-11-24T00:00:00.000Z,97696.4,98552.6,95765.4,97935.2
2024-11-25T00:00:00.000Z,97948.8,98872.4,92875.3,93064.4
2024-11-26T00:00:00.000Z,93046.5,94978.8,90817.2,91977.6
2024-11-27T00:00:00.000Z,91975.5,97219.8,91795.5,95886.6
2024-11-28T00:00:00.000Z,95881.4,96549.0,94648.8,95645.5
2024-11-29T00:00:00.000Z,95645.6,98599.8,95405.7,97438.0
2024-11-30T00:00:00.000Z,97438.5,97461.9,96119.6,96405.7
2024-12-01T00:00:00.000Z,96404.7,97813.9,95721.8,97201.4
2024-12-02T00:00:00.000Z,97199.3,98082.0,94510.6,95846.6
2024-12-03T00:00:00.000Z,95843.9,96245.0,93646.1,95898.7
2024-12-04T00:00:00.000Z,95900.1,99030.7,94625.3,98635.8
2024-12-05T00:00:00.000Z,98624.8,103719.4,92510.4,96970.8
2024-12-06T00:00:00.000Z,96968.9,101908.5,96452.0,99760.7
2024-12-07T00:00:00.000Z,99757.2,100441.8,98969.0,99837.0
2024-12-08T00:00:00.000Z,99837.0,101339.9,98713.9,101115.8
2024-12-09T00:00:00.000Z,101129.7,101198.6,94395.8,97359.4
2024-12-10T00:00:00.000Z,97311.5,98237.8,94304.5,96600.3
2024-12-11T00:00:00.000Z,96603.2,101877.1,95689.5,101126.2
2024-12-12T00:00:00.000Z,101126.3,102495.3,99334.5,100009.9
2024-12-13T00:00:00.000Z,100008.3,101891.2,99214.2,101426.2
2024-12-14T00:00:00.000Z,101423.7,102633.0,100626.3,101417.7
2024-12-15T00:00:00.000Z,101417.9,105120.9,101234.9,104443.0
2024-12-16T00:00:00.000Z,104479.2,107767.6,103351.7,106057.6
2024-12-17T00:00:00.000Z,106053.4,108244.9,105350.6,106138.9
2024-12-18T00:00:00.000Z,106140.7,106477.6,100049.3,100197.8
2024-12-19T00:00:00.000Z,100190.5,102778.8,95672.2,97466.1
2024-12-20T00:00:00.000Z,97468.3,98178.2,92301.9,97795.7
2024-12-21T00:00:00.000Z,97799.1,99531.9,96478.6,97253.3
2024-12-22T00:00:00.000Z,97281.6,97422.2,94265.2,95183.8
2024-12-23T00:00:00.000Z,95184.8,96517.8,92543.2,94852.1
2024-12-24T00:00:00.000Z,94852.8,99446.6,93566.2,98668.1
2024-12-25T00:00:00.000Z,98661.9,99514.1,97651.9,99391.3
2024-12-26T00:00:00.000Z,99389.4,99922.5,95193.3,95777.7
2024-12-27T00:00:00.000Z,95776.4,97243.3,93472.8,94275.9
2024-12-28T00:00:00.000Z,94274.9,95684.3,94124.7,95284.5
2024-12-29T00:00:00.000Z,95282.6,95315.4,93026.7,93716.3
2024-12-30T00:00:00.000Z,93718.7,94936.4,91522.3,92779.8
2024-12-31T00:00:00.000Z,92777.2,96163.4,92036.2,93557.2
2025-01-01T00:00:00.000Z,93557.3,95100.0,92939.3,94560.2
2025-01-02T00:00:00.000Z,94561.1,97808.0,94381.2,96960.0
2025-01-03T00:00:00.000Z,96960.2,98963.3,96090.6,98167.5
2025-01-04T00:00:00.000Z,98168.9,98742.6,97568.9,98219.9
2025-01-05T00:00:00.000Z,98220.1,98823.1,97300.0,98347.7
2025-01-06T00:00:00.000Z,98373.2,102474.5,97932.3,102248.7
2025-01-07T00:00:00.000Z,102247.9,102678.2,96201.3,96929.8
2025-01-08T00:00:00.000Z,96938.2,97266.4,92716.6,95066.6
2025-01-09T00:00:00.000Z,95066.6,95323.1,91241.9,92539.8
2025-01-10T00:00:00.000Z,92540.5,95760.6,92310.6,94724.1
2025-01-11T00:00:00.000Z,94724.0,94765.5,93847.8,94612.0
2025-01-12T00:00:00.000Z,94600.0,95384.3,93711.2,94541.8
2025-01-13T00:00:00.000Z,94545.0,95928.1,89423.1,94536.1
2025-01-14T00:00:00.000Z,94536.7,97361.2,94359.5,96542.1
2025-01-15T00:00:00.000Z,96547.4,100671.0,96501.9,100499.8
2025-01-16T00:00:00.000Z,100499.9,100812.4,97400.2,100004.5
2025-01-17T00:00:00.000Z,99991.9,105843.8,99956.2,104084.9
2025-01-18T00:00:00.000Z,104084.7,104953.1,102297.0,104536.9
2025-01-19T00:00:00.000Z,104536.8,106338.2,99742.7,101319.5
2025-01-20T00:00:00.000Z,101313.3,109228.6,99676.0,102197.7
2025-01-21T00:00:00.000Z,102190.2,107211.9,100192.5,106157.2
2025-01-22T00:00:00.000Z,106157.2,106266.2,103354.4,103684.8
2025-01-23T00:00:00.000Z,103681.3,106806.5,101281.6,103912.1
2025-01-24T00:00:00.000Z,103913.6,107102.2,102760.0,104862.3
2025-01-25T00:00:00.000Z,104861.4,105255.6,104133.9,104742.9
2025-01-26T00:00:00.000Z,104743.8,105399.8,102543.8,102637.8
2025-01-27T00:00:00.000Z,102618.3,103234.8,97987.5,102091.7
2025-01-28T00:00:00.000Z,102085.2,103584.1,100288.0,101349.3
2025-01-29T00:00:00.000Z,101342.1,104760.0,101340.6,103722.0
2025-01-30T00:00:00.000Z,103723.0,106409.1,103388.4,104726.9
2025-01-31T00:00:00.000Z,104726.9,105876.3,101576.0,102424.2
2025-02-01T00:00:00.000Z,102421.3,102770.8,100293.5,100648.0
2025-02-02T00:00:00.000Z,100647.1,101451.0,96250.2,97684.9
2025-02-03T00:00:00.000Z,97686.0,102372.2,91695.8,101337.1
2025-02-04T00:00:00.000Z,101339.7,101692.9,96190.5,97793.4
2025-02-05T00:00:00.000Z,97784.8,99028.3,96163.8,96595.3
2025-02-06T00:00:00.000Z,96606.3,99119.2,95706.6,96568.8
2025-02-07T00:00:00.000Z,96564.8,100133.9,95693.7,96513.5
2025-02-08T00:00:00.000Z,96513.5,96862.8,95716.1,96447.9
2025-02-09T00:00:00.000Z,96448.4,97297.8,94750.4,96469.2
2025-02-10T00:00:00.000Z,96469.2,98311.6,95307.7,97434.7
2025-02-11T00:00:00.000Z,97434.7,98476.5,94902.7,95771.7
2025-02-12T00:00:00.000Z,95777.2,98095.8,94110.7,97881.3
2025-02-13T00:00:00.000Z,97874.7,98079.6,95295.4,96610.2
2025-02-14T00:00:00.000Z,96611.6,98817.3,96316.5,97504.6
2025-02-15T00:00:00.000Z,97504.4,97973.2,97210.8,97573.4
2025-02-16T00:00:00.000Z,97573.1,97706.5,96060.2,96132.1
2025-02-17T00:00:00.000Z,96120.2,97002.3,95222.0,95781.3
2025-02-18T00:00:00.000Z,95781.5,96645.1,93403.4,95638.0
2025-02-19T00:00:00.000Z,95663.7,96829.6,95049.1,96644.8
2025-02-20T00:00:00.000Z,96645.2,98721.6,96441.9,98310.3
2025-02-21T00:00:00.000Z,98310.3,99473.4,94903.6,96155.6
2025-02-22T00:00:00.000Z,96158.3,96930.8,95801.1,96556.1
2025-02-23T00:00:00.000Z,96556.2,96655.2,95259.5,96258.8
2025-02-24T00:00:00.000Z,96261.0,96497.9,91378.5,91508.5
2025-02-25T00:00:00.000Z,91510.4,92523.1,86097.5,88686.0
2025-02-26T00:00:00.000Z,88675.0,89375.3,82332.9,84212.7
2025-02-27T00:00:00.000Z,84204.6,87013.9,82723.5,84714.6
2025-02-28T00:00:00.000Z,84713.3,85028.7,78329.8,84381.2
2025-03-01T00:00:00.000Z,84353.4,86546.3,83837.3,86071.6
2025-03-02T00:00:00.000Z,86065.7,94986.5,85069.3,94265.1
2025-03-03T00:00:00.000Z,94266.1,94266.1,85140.8,86209.7
2025-03-04T00:00:00.000Z,86083.8,88887.8,81617.0,87266.3
2025-03-05T00:00:00.000Z,87269.5,90937.8,86429.4,90611.7
2025-03-06T00:00:00.000Z,90611.7,92802.0,87849.6,89930.9
2025-03-07T00:00:00.000Z,89879.5,91059.8,84864.3,86531.2
2025-03-08T00:00:00.000Z,86783.8,86886.8,85264.6,86221.9
2025-03-09T00:00:00.000Z,86221.5,86498.6,80048.9,80691.6
2025-03-10T00:00:00.000Z,80702.2,83902.8,77480.5,78575.9
2025-03-11T00:00:00.000Z,78579.7,83572.6,76677.1,82921.1
2025-03-12T00:00:00.000Z,82921.1,84266.5,80646.6,83664.3
2025-03-13T00:00:00.000Z,83664.7,84292.0,79954.9,81100.2
2025-03-14T00:00:00.000Z,81103.5,85286.6,80833.2,83977.1
2025-03-15T00:00:00.000Z,83978.7,84679.5,83636.4,84341.3
2025-03-16T00:00:00.000Z,84341.3,84942.5,82014.2,82578.4
2025-03-17T00:00:00.000Z,82580.3,84729.2,82525.0,84019.1
2025-03-18T00:00:00.000Z,84019.1,84019.1,81171.3,82719.1
2025-03-19T00:00:00.000Z,82719.1,86990.6,82557.5,86841.0
2025-03-20T00:00:00.000Z,86841.3,87419.0,83656.1,84208.1
2025-03-21T00:00:00.000Z,84208.7,84831.0,83215.9,84073.3
2025-03-22T00:00:00.000Z,84076.6,84526.3,83688.2,83840.5
2025-03-23T00:00:00.000Z,83840.2,86082.0,83812.7,86077.4
2025-03-24T00:00:00.000Z,86076.1,88740.2,85541.6,87490.0
2025-03-25T00:00:00.000Z,87495.3,88523.3,86328.5,87404.0
2025-03-26T00:00:00.000Z,87349.8,88276.7,85866.4,86912.0
2025-03-27T00:00:00.000Z,86937.0,87751.4,85844.4,87228.2
2025-03-28T00:00:00.000Z,87209.5,87507.5,83596.7,84410.4
2025-03-29T00:00:00.000Z,84412.1,84603.4,81668.2,82645.7
2025-03-30T00:00:00.000Z,82646.8,83532.9,81593.2,82371.6
2025-03-31T00:00:00.000Z,82375.4,83895.6,81300.1,82548.8
2025-04-01T00:00:00.000Z,82548.6,85506.2,82435.8,85164.2
2025-04-02T00:00:00.000Z,85166.0,88377.3,82358.9,82525.0
2025-04-03T00:00:00.000Z,82522.6,83908.9,81313.8,83159.4
2025-04-04T00:00:00.000Z,83160.2,84704.1,81691.1,83866.7
2025-04-05T00:00:00.000Z,83876.0,84249.3,82384.4,83552.1
2025-04-06T00:00:00.000Z,83528.0,83731.7,77171.1,78391.3
2025-04-07T00:00:00.000Z,78406.6,81095.9,74524.2,79162.5
2025-04-08T00:00:00.000Z,79166.7,80839.8,76255.0,76312.5
2025-04-09T00:00:00.000Z,76312.3,83566.7,74657.3,82607.0
2025-04-10T00:00:00.000Z,82606.8,82737.5,78495.8,79607.5
2025-04-11T00:00:00.000Z,79606.1,84275.0,79004.2,83413.1
2025-04-12T00:00:00.000Z,83420.5,85893.5,82828.0,85292.7
2025-04-13T00:00:00.000Z,85282.5,85999.5,83049.6,83734.4
2025-04-14T00:00:00.000Z,83752.8,85794.9,83705.2,84586.4
2025-04-15T00:00:00.000Z,84586.8,86438.8,83602.7,83647.0
2025-04-16T00:00:00.000Z,83648.1,85438.2,83143.5,84032.2
2025-04-17T00:00:00.000Z,84032.2,85467.3,83786.2,84940.0
2025-04-18T00:00:00.000Z,84947.7,85106.1,84331.0,84474.6
2025-04-19T00:00:00.000Z,84472.4,85604.3,84366.5,85068.1
2025-04-20T00:00:00.000Z,85075.5,85321.0,83976.1,85179.0
2025-04-21T00:00:00.000Z,85179.0,88449.6,85148.8,87516.0
2025-04-22T00:00:00.000Z,87516.0,93816.9,87105.2,93441.9
2025-04-23T00:00:00.000Z,93442.2,94462.6,91963.4,93697.7
2025-04-24T00:00:00.000Z,93696.3,94001.0,91673.0,93980.3
2025-04-25T00:00:00.000Z,93979.4,95718.6,92867.2,94676.9
2025-04-26T00:00:00.000Z,94669.3,95207.0,93891.8,94631.4
2025-04-27T00:00:00.000Z,94631.4,95324.4,93640.7,93742.5
2025-04-28T00:00:00.000Z,93742.5,95580.3,92818.9,94995.0
2025-04-29T00:00:00.000Z,94995.4,95453.4,93758.0,94269.8
2025-04-30T00:00:00.000Z,94265.0,95223.4,93049.6,94184.4
2025-05-01T00:00:00.000Z,94181.3,97394.3,94168.1,96499.3
2025-05-02T00:00:00.000Z,96497.3,97881.8,96359.3,96894.4
2025-05-03T00:00:00.000Z,96894.3,96922.2,95785.5,95885.8
2025-05-04T00:00:00.000Z,95885.5,96297.8,94206.1,94316.9
2025-05-05T00:00:00.000Z,94314.6,95206.8,93590.8,94745.2
2025-05-06T00:00:00.000Z,94745.9,96893.9,93408.8,96825.4
2025-05-07T00:00:00.000Z,96817.9,97647.5,95798.4,97035.1
2025-05-08T00:00:00.000Z,97035.1,103885.4,96901.9,103274.3
2025-05-09T00:00:00.000Z,103270.7,104308.7,102365.7,102975.1
2025-05-10T00:00:00.000Z,102974.7,104969.8,102837.2,104798.0
2025-05-11T00:00:00.000Z,104748.3,104930.9,103358.8,104119.2
2025-05-12T00:00:00.000Z,104119.2,105765.2,100766.8,102795.0
2025-05-13T00:00:00.000Z,102794.9,104972.9,101510.2,104119.2
2025-05-14T00:00:00.000Z,104116.3,104316.0,102632.9,103513.9
2025-05-15T00:00:00.000Z,103513.2,104153.8,101436.8,103765.4
2025-05-16T00:00:00.000Z,103764.6,104544.1,103126.5,103480.5
2025-05-17T00:00:00.000Z,103473.9,103712.3,102626.5,103112.6
2025-05-18T00:00:00.000Z,103113.9,106577.0,103113.9,106504.5
2025-05-19T00:00:00.000Z,106507.7,107081.3,102088.2,105585.8
2025-05-20T00:00:00.000Z,105586.1,107270.5,104199.3,106815.8
2025-05-21T00:00:00.000Z,106814.7,110628.8,106109.5,109640.1
2025-05-22T00:00:00.000Z,109632.6,111953.6,109281.8,111702.7
2025-05-23T00:00:00.000Z,111702.6,111778.7,106855.4,107313.4
2025-05-24T00:00:00.000Z,107313.5,109476.4,106904.5,107763.0
2025-05-25T00:00:00.000Z,107763.0,109203.4,106648.3,109021.1
2025-05-26T00:00:00.000Z,109014.9,110401.4,108694.0,109455.3
2025-05-27T00:00:00.000Z,109455.3,110718.7,107572.2,108944.0
2025-05-28T00:00:00.000Z,108905.7,109238.3,106804.9,107786.7
2025-05-29T00:00:00.000Z,107759.1,108896.7,105399.9,105600.0
2025-05-30T00:00:00.000Z,105598.8,106314.9,103693.9,103981.3
2025-05-31T00:00:00.000Z,103981.9,104888.4,103091.3,104598.0
2025-06-01T00:00:00.000Z,104598.0,105867.5,103768.6,105635.2
2025-06-02T00:00:00.000Z,105635.2,105930.7,103729.7,105845.6
2025-06-03T00:00:00.000Z,105845.6,106758.4,104886.9,105388.3
2025-06-04T00:00:00.000Z,105383.5,105971.2,104224.0,104695.6
2025-06-05T00:00:00.000Z,104690.6,105914.4,100421.1,101521.9
2025-06-06T00:00:00.000Z,101524.1,105306.5,101127.6,104308.3
2025-06-07T00:00:00.000Z,104308.3,105911.7,103911.0,105564.2
2025-06-08T00:00:00.000Z,105564.2,106449.3,105011.6,105739.6
2025-06-09T00:00:00.000Z,105739.6,110404.9,105333.3,110268.3
2025-06-10T00:00:00.000Z,110268.3,110369.2,108380.6,110269.2
2025-06-11T00:00:00.000Z,110269.2,110386.1,108081.9,108661.2
2025-06-12T00:00:00.000Z,108662.2,108776.2,105703.0,105703.0
2025-06-13T00:00:00.000Z,105702.7,106147.0,102739.6,106080.3
2025-06-14T00:00:00.000Z,106028.5,106196.9,104321.0,105421.5
2025-06-15T00:00:00.000Z,105421.6,106098.9,104502.0,105591.8
2025-06-16T00:00:00.000Z,105594.0,108899.3,104993.8,106740.4
2025-06-17T00:00:00.000Z,106769.8,107747.4,103386.3,104559.8
2025-06-18T00:00:00.000Z,104571.4,105553.0,103622.4,104894.2
2025-06-19T00:00:00.000Z,104894.2,105220.5,103934.5,104669.6
2025-06-20T00:00:00.000Z,104669.6,106520.3,102396.8,103280.5
2025-06-21T00:00:00.000Z,103287.2,103989.3,100947.8,102113.2
2025-06-22T00:00:00.000Z,102114.5,103300.4,98249.2,100990.4
2025-06-23T00:00:00.000Z,100782.5,106032.7,99696.9,105376.9
2025-06-24T00:00:00.000Z,105376.9,106268.7,104642.9,106078.6
2025-06-25T00:00:00.000Z,106086.0,108128.0,105828.2,107349.4
2025-06-26T00:00:00.000Z,107350.6,108261.2,106650.0,106945.9
2025-06-27T00:00:00.000Z,106948.0,107726.5,106414.1,107044.2
2025-06-28T00:00:00.000Z,107048.2,107542.3,106822.0,107304.4
2025-06-29T00:00:00.000Z,107304.3,108470.5,107188.4,108361.1
2025-06-30T00:00:00.000Z,108362.3,108777.0,106743.1,107171.1
2025-07-01T00:00:00.000Z,107176.4,107532.3,105289.4,105694.3
2025-07-02T00:00:00.000Z,105694.0,109727.8,105163.5,108843.7
2025-07-03T00:00:00.000Z,108846.7,110506.8,108550.8,109600.5
2025-07-04T00:00:00.000Z,109600.8,109723.7,107268.2,107989.6
2025-07-05T00:00:00.000Z,107989.6,108357.5,107797.8,108204.7
2025-07-06T00:00:00.000Z,108204.7,109701.8,107818.8,109207.0
2025-07-07T00:00:00.000Z,109207.0,109686.8,107526.5,108269.6
2025-07-08T00:00:00.000Z,108267.6,109208.3,107474.2,108913.1
2025-07-09T00:00:00.000Z,108913.1,111915.7,108329.9,111246.0
2025-07-10T00:00:00.000Z,111246.1,116626.3,110631.9,115993.6
2025-07-11T00:00:00.000Z,115994.0,118848.4,115261.9,117678.9
